Classe,Ordem,Família,Espécie/Grupo,Status CITES
,CLASS MAMMALIA (MAMMALS),ANTILOCAPRIDAE,Antilocapra americana (Only the population of Mexico; no other population is included in the,I
,CLASS MAMMALIA (MAMMALS),ANTILOCAPRIDAE,Appendices),I
,CLASS MAMMALIA (MAMMALS),CAMELIDAE,Axis calamianensis,I
,CLASS MAMMALIA (MAMMALS),CAMELIDAE,Axis kuhlii,I
,CLASS MAMMALIA (MAMMALS),CAMELIDAE,Axis porcinus annamiticus,I
,CLASS MAMMALIA (MAMMALS),CAMELIDAE,Blastocerus dichotomus,I
,CLASS MAMMALIA (MAMMALS),CAMELIDAE,Cervus elaphus hanglu,I
,CLASS MAMMALIA (MAMMALS),CAMELIDAE,Dama dama mesopotamica,I
,CLASS MAMMALIA (MAMMALS),CAMELIDAE,Hippocamelus spp.,I
,CLASS MAMMALIA (MAMMALS),CAMELIDAE,Muntiacus crinifrons,I
,CLASS MAMMALIA (MAMMALS),CAMELIDAE,Muntiacus vuquangensis,I
,CLASS MAMMALIA (MAMMALS),CAMELIDAE,Ozotoceros bezoarticus,I
,CLASS MAMMALIA (MAMMALS),CAMELIDAE,Pudu puda,I
,CLASS MAMMALIA (MAMMALS),CAMELIDAE,Rucervus duvaucelii,I
,CLASS MAMMALIA (MAMMALS),CAMELIDAE,Rucervus eldii,I
,CLASS MAMMALIA (MAMMALS),CAMELIDAE,Cervus elaphus bactrianus,II
,CLASS MAMMALIA (MAMMALS),CAMELIDAE,Pudu mephistophiles,II
,CLASS MAMMALIA (MAMMALS),CAMELIDAE,Axis porcinus (Except the subspecies included in Appendix I) (Pakistan),III
,CLASS MAMMALIA (MAMMALS),CAMELIDAE,"Cervus elaphus barbarus (Algeria,",III
,CLASS MAMMALIA (MAMMALS),CAMELIDAE,Tunisia),III
,CLASS MAMMALIA (MAMMALS),CAMELIDAE,Mazama temama cerasina,III
,CLASS MAMMALIA (MAMMALS),CAMELIDAE,(Guatemala),III
,CLASS MAMMALIA (MAMMALS),CAMELIDAE,Odocoileus virginianus mayensis,III
,CLASS MAMMALIA (MAMMALS),GIRAFFIDAE,Giraffa camelopardalis,II
,CLASS MAMMALIA (MAMMALS),HIPPOPOTAMIDAE,Hexaprotodon liberiensis,II
,CLASS MAMMALIA (MAMMALS),HIPPOPOTAMIDAE,Hippopotamus amphibius,II
,CLASS MAMMALIA (MAMMALS),SUIDAE,Babyrousa babyrussa,I
,CLASS MAMMALIA (MAMMALS),SUIDAE,Babyrousa bolabatuensis,I
,CLASS MAMMALIA (MAMMALS),SUIDAE,Babyrousa celebensis,I
,CLASS MAMMALIA (MAMMALS),SUIDAE,Babyrousa togeanensis,I
,CLASS MAMMALIA (MAMMALS),SUIDAE,Sus salvanius,I
,CLASS MAMMALIA (MAMMALS),TAYASSUIDAE,Catagonus wagneri,I
,CLASS MAMMALIA (MAMMALS),TAYASSUIDAE,"TAYASSUIDAE spp. (Except the species included in Appendix I and the populations of Pecari tajacu of Mexico and the United States of America, which are not included in the Appendices)",II
,CLASS MAMMALIA (MAMMALS),AILURIDAE,Ailurus fulgens,I
,CLASS MAMMALIA (MAMMALS),CANIDAE,Vulpes cana,II
,CLASS MAMMALIA (MAMMALS),CANIDAE,Vulpes zerda,II
,CLASS MAMMALIA (MAMMALS),CANIDAE,Vulpes vulpes griffithi (India),III
,CLASS MAMMALIA (MAMMALS),CANIDAE,Vulpes vulpes montana (India),III
,CLASS MAMMALIA (MAMMALS),CANIDAE,Vulpes vulpes pusilla (India),III
,CLASS MAMMALIA (MAMMALS),CANIDAE,Cryptoprocta ferox,II
,CLASS MAMMALIA (MAMMALS),CANIDAE,Eupleres goudotii,II
,CLASS MAMMALIA (MAMMALS),CANIDAE,Fossa fossana,II
,CLASS MAMMALIA (MAMMALS),FELIDAE,Lynx pardinus,I
,CLASS MAMMALIA (MAMMALS),FELIDAE,Neofelis diardi,I
,CLASS MAMMALIA (MAMMALS),FELIDAE,Neofelis nebulosa,I
,CLASS MAMMALIA (MAMMALS),FELIDAE,Panthera leo (Only the populations of,I
,CLASS MAMMALIA (MAMMALS),FELIDAE,India; all other populations are included in Appendix II),I
,CLASS MAMMALIA (MAMMALS),FELIDAE,Panthera onca,I
,CLASS MAMMALIA (MAMMALS),FELIDAE,Panthera pardus,I
,CLASS MAMMALIA (MAMMALS),FELIDAE,Panthera tigris,I
,CLASS MAMMALIA (MAMMALS),FELIDAE,Panthera uncia,I
,CLASS MAMMALIA (MAMMALS),FELIDAE,Pardofelis marmorata,I
,CLASS MAMMALIA (MAMMALS),FELIDAE,Prionailurus bengalensis bengalensis,I
,CLASS MAMMALIA (MAMMALS),FELIDAE,"(Only the populations of Bangladesh,",I
,CLASS MAMMALIA (MAMMALS),FELIDAE,India and Thailand; all other populations are included in Appendix II),I
,CLASS MAMMALIA (MAMMALS),FELIDAE,Prionailurus planiceps,I
,CLASS MAMMALIA (MAMMALS),FELIDAE,Prionailurus rubiginosus (Only the population of India; all other populations,I
,CLASS MAMMALIA (MAMMALS),FELIDAE,Puma concolor (Only the populations of Costa Rica and Panama; all other populations are included in Appendix II),I
,CLASS MAMMALIA (MAMMALS),HERPESTIDAE,"Herpestes edwardsi (India, Pakistan)",III
,CLASS MAMMALIA (MAMMALS),HERPESTIDAE,Herpestes fuscus (India),III
,CLASS MAMMALIA (MAMMALS),HERPESTIDAE,Herpestes javanicus (Pakistan),III
,CLASS MAMMALIA (MAMMALS),HERPESTIDAE,Herpestes javanicus auropunctatus,III
,CLASS MAMMALIA (MAMMALS),HERPESTIDAE,(India),III
,CLASS MAMMALIA (MAMMALS),HERPESTIDAE,Herpestes smithii (India),III
,CLASS MAMMALIA (MAMMALS),HERPESTIDAE,Herpestes urva (India),III
,CLASS MAMMALIA (MAMMALS),HERPESTIDAE,Herpestes vitticollis (India),III
,CLASS MAMMALIA (MAMMALS),HYAENIDAE,Hyaena hyaena (Pakistan),III
,CLASS MAMMALIA (MAMMALS),HYAENIDAE,Proteles cristata (Botswana),III
,CLASS MAMMALIA (MAMMALS),HYAENIDAE,Conepatus humboldtii,II
,CLASS MAMMALIA (MAMMALS),LUTRINAE,Aonyx capensis microdon (Only the populations of Cameroon and Nigeria; all other populations are included in,I
,CLASS MAMMALIA (MAMMALS),LUTRINAE,Appendix II),I
,CLASS MAMMALIA (MAMMALS),LUTRINAE,Aonyx cinereus,I
,CLASS MAMMALIA (MAMMALS),LUTRINAE,Enhydra lutris nereis,I
,CLASS MAMMALIA (MAMMALS),LUTRINAE,Lontra felina,I
,CLASS MAMMALIA (MAMMALS),LUTRINAE,Lontra longicaudis,I
,CLASS MAMMALIA (MAMMALS),LUTRINAE,Lontra provocax,I
,CLASS MAMMALIA (MAMMALS),LUTRINAE,Lutra lutra,I
,CLASS MAMMALIA (MAMMALS),LUTRINAE,Lutra nippon,I
,CLASS MAMMALIA (MAMMALS),LUTRINAE,Lutrogale perspicillata,I
,CLASS MAMMALIA (MAMMALS),LUTRINAE,Pteronura brasiliensis,I
,CLASS MAMMALIA (MAMMALS),LUTRINAE,LUTRINAE spp. (Except the species included in Appendix I),II
,CLASS MAMMALIA (MAMMALS),LUTRINAE,Mustela nigripes,I
,CLASS MAMMALIA (MAMMALS),LUTRINAE,Eira barbara (Honduras),III
,CLASS MAMMALIA (MAMMALS),LUTRINAE,Martes flavigula (India),III
,CLASS MAMMALIA (MAMMALS),LUTRINAE,Martes foina intermedia (India),III
,CLASS MAMMALIA (MAMMALS),LUTRINAE,Martes gwatkinsii (India),III
,CLASS MAMMALIA (MAMMALS),LUTRINAE,Mellivora capensis (Botswana),III
,CLASS MAMMALIA (MAMMALS),LUTRINAE,Mustela altaica (India),III
,CLASS MAMMALIA (MAMMALS),LUTRINAE,Mustela erminea ferghanae (India),III
,CLASS MAMMALIA (MAMMALS),LUTRINAE,Mustela kathiah (India),III
,CLASS MAMMALIA (MAMMALS),LUTRINAE,Mustela sibirica (India),III
,CLASS MAMMALIA (MAMMALS),ODOBENIDAE,Odobenus rosmarus (Canada),III
,CLASS MAMMALIA (MAMMALS),OTARIIDAE,Arctocephalus townsendi,I
,CLASS MAMMALIA (MAMMALS),OTARIIDAE,Arctocephalus spp. (Except the species included in Appendix I),II
,CLASS MAMMALIA (MAMMALS),PHOCIDAE,Monachus spp.,I
,CLASS MAMMALIA (MAMMALS),PHOCIDAE,Mirounga leonina,II
,CLASS MAMMALIA (MAMMALS),PROCYONIDAE,Nasua narica (Honduras),III
,CLASS MAMMALIA (MAMMALS),PROCYONIDAE,Nasua nasua solitaria (Uruguay),III
,CLASS MAMMALIA (MAMMALS),PROCYONIDAE,Potos flavus (Honduras),III
,CLASS MAMMALIA (MAMMALS),URSIDAE,Ailuropoda melanoleuca,I
,CLASS MAMMALIA (MAMMALS),URSIDAE,Helarctos malayanus,I
,CLASS MAMMALIA (MAMMALS),URSIDAE,Melursus ursinus,I
,CLASS MAMMALIA (MAMMALS),URSIDAE,Tremarctos ornatus,I
,CLASS MAMMALIA (MAMMALS),URSIDAE,Ursus arctos (Only the populations of,I
,CLASS MAMMALIA (MAMMALS),URSIDAE,"Bhutan, China, Mexico and Mongolia; all other populations are included in",I
,CLASS MAMMALIA (MAMMALS),URSIDAE,Appendix II),I
,CLASS MAMMALIA (MAMMALS),URSIDAE,Ursus arctos isabellinus,I
,CLASS MAMMALIA (MAMMALS),URSIDAE,Ursus thibetanus,I
,CLASS MAMMALIA (MAMMALS),URSIDAE,URSIDAE spp. (Except the species included in Appendix I),II
,CLASS MAMMALIA (MAMMALS),URSIDAE,Viverra civettina (India),III
,CLASS MAMMALIA (MAMMALS),URSIDAE,Viverra zibetha (India),III
,CLASS MAMMALIA (MAMMALS),URSIDAE,Viverricula indica (India),III
,CLASS MAMMALIA (MAMMALS),URSIDAE,CETACEA spp. A6 (Except the species,II
,CLASS MAMMALIA (MAMMALS),URSIDAE,Balaena mysticetus,I
,CLASS MAMMALIA (MAMMALS),URSIDAE,Eubalaena spp.,I
,CLASS MAMMALIA (MAMMALS),URSIDAE,"Balaenoptera acutorostrata (Except the population of West Greenland, which is included in Appendix II)",I
,CLASS MAMMALIA (MAMMALS),URSIDAE,Balaenoptera bonaerensis,I
,CLASS MAMMALIA (MAMMALS),URSIDAE,Balaenoptera borealis,I
,CLASS MAMMALIA (MAMMALS),URSIDAE,Balaenoptera edeni,I
,CLASS MAMMALIA (MAMMALS),URSIDAE,Balaenoptera musculus,I
,CLASS MAMMALIA (MAMMALS),URSIDAE,Balaenoptera omurai,I
,CLASS MAMMALIA (MAMMALS),URSIDAE,Balaenoptera physalus,I
,CLASS MAMMALIA (MAMMALS),URSIDAE,Megaptera novaeangliae,I
,CLASS MAMMALIA (MAMMALS),DELPHINIDAE,Orcaella brevirostris,I
,CLASS MAMMALIA (MAMMALS),DELPHINIDAE,Orcaella heinsohni,I
,CLASS MAMMALIA (MAMMALS),DELPHINIDAE,Sotalia spp.,I
,CLASS MAMMALIA (MAMMALS),DELPHINIDAE,Sousa spp.,I
,CLASS MAMMALIA (MAMMALS),ESCHRICHTIIDAE,Eschrichtius robustus,I
,CLASS MAMMALIA (MAMMALS),INIIDAE,Lipotes vexillifer,I
,CLASS MAMMALIA (MAMMALS),NEOBALAENIDAE,Caperea marginata,I
,CLASS MAMMALIA (MAMMALS),PHOCOENIDAE,Neophocaena asiaeorientalis,I
,CLASS MAMMALIA (MAMMALS),PHOCOENIDAE,Neophocaena phocaenoides,I
,CLASS MAMMALIA (MAMMALS),PHOCOENIDAE,Phocoena sinus,I
,CLASS MAMMALIA (MAMMALS),PHYSETERIDAE,Physeter macrocephalus,I
,CLASS MAMMALIA (MAMMALS),PLATANISTIDAE,Platanista spp.,I
,CLASS MAMMALIA (MAMMALS),PLATANISTIDAE,Berardius spp.,I
,CLASS MAMMALIA (MAMMALS),PLATANISTIDAE,Hyperoodon spp.,I
,CLASS MAMMALIA (MAMMALS),PLATANISTIDAE,Platyrrhinus lineatus (Uruguay),III
,CLASS MAMMALIA (MAMMALS),PTEROPODIDAE,Pteropus yapensis,I
,CLASS MAMMALIA (MAMMALS),DASYPODIDAE,Priodontes maximus,I
,CLASS MAMMALIA (MAMMALS),DASYPODIDAE,Chaetophractus nationi A7,II
,CLASS MAMMALIA (MAMMALS),DASYPODIDAE,Cabassous tatouay (Uruguay),III
,CLASS MAMMALIA (MAMMALS),DASYURIDAE,Sminthopsis longicaudata,I
,CLASS MAMMALIA (MAMMALS),DASYURIDAE,Sminthopsis psammophila,I
,CLASS MAMMALIA (MAMMALS),MACROPODIDAE,Lagorchestes hirsutus,I
,CLASS MAMMALIA (MAMMALS),MACROPODIDAE,Lagostrophus fasciatus,I
,CLASS MAMMALIA (MAMMALS),MACROPODIDAE,Onychogalea fraenata,I
,CLASS MAMMALIA (MAMMALS),MACROPODIDAE,Dendrolagus inustus,II
,CLASS MAMMALIA (MAMMALS),MACROPODIDAE,Dendrolagus ursinus,II
,CLASS MAMMALIA (MAMMALS),PHALANGERIDAE,Phalanger intercastellanus,II
,CLASS MAMMALIA (MAMMALS),PHALANGERIDAE,Phalanger mimicus,II
,CLASS MAMMALIA (MAMMALS),PHALANGERIDAE,Phalanger orientalis,II
,CLASS MAMMALIA (MAMMALS),PHALANGERIDAE,Spilocuscus kraemeri,II
,CLASS MAMMALIA (MAMMALS),PHALANGERIDAE,Spilocuscus maculatus,II
,CLASS MAMMALIA (MAMMALS),PHALANGERIDAE,Spilocuscus papuensis,II
,CLASS MAMMALIA (MAMMALS),POTOROIDAE,Bettongia spp.,I
,CLASS MAMMALIA (MAMMALS),POTOROIDAE,Lasiorhinus krefftii,I
,CLASS MAMMALIA (MAMMALS),LEPORIDAE,Caprolagus hispidus,I
,CLASS MAMMALIA (MAMMALS),LEPORIDAE,Romerolagus diazi,I
,CLASS MAMMALIA (MAMMALS),TACHYGLOSSIDAE,Zaglossus spp.,II
,CLASS MAMMALIA (MAMMALS),PERAMELIDAE,Perameles bougainville,I
,CLASS MAMMALIA (MAMMALS),THYLACOMYIDAE,Macrotis lagotis,I
,CLASS MAMMALIA (MAMMALS),EQUIDAE,"Equus africanus {Excludes the domesticated form, which is referenced as Equus asinus, and is not subject to the provisions of the Convention}",I
,CLASS MAMMALIA (MAMMALS),EQUIDAE,Equus grevyi,I
,CLASS MAMMALIA (MAMMALS),EQUIDAE,Equus hemionus hemionus,I
,CLASS MAMMALIA (MAMMALS),EQUIDAE,Equus hemionus khur,I
,CLASS MAMMALIA (MAMMALS),EQUIDAE,Equus hemionus luteus,I
,CLASS MAMMALIA (MAMMALS),EQUIDAE,Equus przewalskii,I
,CLASS MAMMALIA (MAMMALS),EQUIDAE,Equus hemionus (Except the subspecies included in Appendix I),II
,CLASS MAMMALIA (MAMMALS),EQUIDAE,Equus kiang,II
,CLASS MAMMALIA (MAMMALS),EQUIDAE,Equus zebra hartmannae,II
,CLASS MAMMALIA (MAMMALS),EQUIDAE,Equus zebra zebra,II
,CLASS MAMMALIA (MAMMALS),RHINOCEROTIDAE,RHINOCEROTIDAE spp. (Except the subspecies included in Appendix II),I
,CLASS MAMMALIA (MAMMALS),RHINOCEROTIDAE,"Ceratotherium simum simum (Only the populations of EswatiniA8, NamibiaA9 and South AfricaA8; all other populations are included in Appendix I)",II
,CLASS MAMMALIA (MAMMALS),TAPIRIDAE,TAPIRIDAE spp. (Except the species included in Appendix II),I
,CLASS MAMMALIA (MAMMALS),TAPIRIDAE,Tapirus terrestris,II
,CLASS MAMMALIA (MAMMALS),MANIDAE,Manis crassicaudata,I
,CLASS MAMMALIA (MAMMALS),MANIDAE,Manis culionensis,I
,CLASS MAMMALIA (MAMMALS),MANIDAE,Manis gigantea,I
,CLASS MAMMALIA (MAMMALS),MANIDAE,Manis javanica,I
,CLASS MAMMALIA (MAMMALS),MANIDAE,Manis pentadactyla,I
,CLASS MAMMALIA (MAMMALS),MANIDAE,Manis temminckii,I
,CLASS MAMMALIA (MAMMALS),MANIDAE,Manis tetradactyla,I
,CLASS MAMMALIA (MAMMALS),MANIDAE,Manis tricuspis,I
,CLASS MAMMALIA (MAMMALS),MANIDAE,Manis spp. (Except the species included in Appendix I),II
,CLASS MAMMALIA (MAMMALS),BRADYPODIDAE,Bradypus pygmaeus,II
,CLASS MAMMALIA (MAMMALS),BRADYPODIDAE,Bradypus variegatus,II
,CLASS MAMMALIA (MAMMALS),BRADYPODIDAE,Myrmecophaga tridactyla,II
,CLASS MAMMALIA (MAMMALS),BRADYPODIDAE,Tamandua mexicana (Guatemala),III
,CLASS MAMMALIA (MAMMALS),PRIMATES,PRIMATES spp. (Except the species included in Appendix I),II
,CLASS MAMMALIA (MAMMALS),PRIMATES,Alouatta palliata,I
,CLASS MAMMALIA (MAMMALS),PRIMATES,Alouatta pigra,I
,CLASS MAMMALIA (MAMMALS),PRIMATES,Ateles geoffroyi frontatus,I
,CLASS MAMMALIA (MAMMALS),PRIMATES,Ateles geoffroyi ornatus,I
,CLASS MAMMALIA (MAMMALS),PRIMATES,Brachyteles arachnoides,I
,CLASS MAMMALIA (MAMMALS),PRIMATES,Brachyteles hypoxanthus,I
,CLASS MAMMALIA (MAMMALS),PRIMATES,Oreonax flavicauda,I
,CLASS MAMMALIA (MAMMALS),PRIMATES,Callimico goeldii,I
,CLASS MAMMALIA (MAMMALS),PRIMATES,Callithrix aurita,I
,CLASS MAMMALIA (MAMMALS),PRIMATES,Callithrix flaviceps,I
,CLASS MAMMALIA (MAMMALS),PRIMATES,Leontopithecus spp.,I
,CLASS MAMMALIA (MAMMALS),PRIMATES,Saguinus bicolor,I
,CLASS MAMMALIA (MAMMALS),PRIMATES,Saguinus geoffroyi,I
,CLASS MAMMALIA (MAMMALS),PRIMATES,Saguinus leucopus,I
,CLASS MAMMALIA (MAMMALS),PRIMATES,Saguinus martinsi,I
,CLASS MAMMALIA (MAMMALS),PRIMATES,Saguinus oedipus,I
,CLASS MAMMALIA (MAMMALS),PRIMATES,Saimiri oerstedii,I
,CLASS MAMMALIA (MAMMALS),CERCOPITHECIDAE,Mandrillus sphinx,I
,CLASS MAMMALIA (MAMMALS),CERCOPITHECIDAE,Nasalis larvatus,I
,CLASS MAMMALIA (MAMMALS),CERCOPITHECIDAE,Piliocolobus kirkii,I
,CLASS MAMMALIA (MAMMALS),CERCOPITHECIDAE,Piliocolobus rufomitratus,I
,CLASS MAMMALIA (MAMMALS),CERCOPITHECIDAE,Presbytis potenziani,I
,CLASS MAMMALIA (MAMMALS),CERCOPITHECIDAE,Pygathrix spp.,I
,CLASS MAMMALIA (MAMMALS),CERCOPITHECIDAE,Rhinopithecus spp.,I
,CLASS MAMMALIA (MAMMALS),CERCOPITHECIDAE,Semnopithecus ajax,I
,CLASS MAMMALIA (MAMMALS),CERCOPITHECIDAE,Semnopithecus dussumieri,I
,CLASS MAMMALIA (MAMMALS),CERCOPITHECIDAE,Semnopithecus entellus,I
,CLASS MAMMALIA (MAMMALS),CERCOPITHECIDAE,Semnopithecus hector,I
,CLASS MAMMALIA (MAMMALS),CERCOPITHECIDAE,Semnopithecus hypoleucos,I
,CLASS MAMMALIA (MAMMALS),CERCOPITHECIDAE,Semnopithecus priam,I
,CLASS MAMMALIA (MAMMALS),CERCOPITHECIDAE,Semnopithecus schistaceus,I
,CLASS MAMMALIA (MAMMALS),CERCOPITHECIDAE,Simias concolor,I
,CLASS MAMMALIA (MAMMALS),CERCOPITHECIDAE,Trachypithecus geei,I
,CLASS MAMMALIA (MAMMALS),CERCOPITHECIDAE,Trachypithecus pileatus,I
,CLASS MAMMALIA (MAMMALS),CERCOPITHECIDAE,Trachypithecus shortridgei,I
,CLASS MAMMALIA (MAMMALS),CHEIROGALEIDAE,CHEIROGALEIDAE spp.,I
,CLASS MAMMALIA (MAMMALS),DAUBENTONIIDAE,Daubentonia madagascariensis,I
,CLASS MAMMALIA (MAMMALS),DAUBENTONIIDAE,Gorilla beringei,I
,CLASS MAMMALIA (MAMMALS),DAUBENTONIIDAE,Gorilla gorilla,I
,CLASS MAMMALIA (MAMMALS),DAUBENTONIIDAE,Pan spp.,I
,CLASS MAMMALIA (MAMMALS),DAUBENTONIIDAE,Pongo abelii,I
,CLASS MAMMALIA (MAMMALS),DAUBENTONIIDAE,Pongo pygmaeus,I
,CLASS MAMMALIA (MAMMALS),DAUBENTONIIDAE,Pongo tapanuliensis,I
,CLASS MAMMALIA (MAMMALS),HYLOBATIDAE,HYLOBATIDAE spp.,I
,CLASS MAMMALIA (MAMMALS),HYLOBATIDAE,INDRIIDAE spp.,I
,CLASS MAMMALIA (MAMMALS),LEMURIDAE,LEMURIDAE spp.,I
,CLASS MAMMALIA (MAMMALS),LEPILEMURIDAE,LEPILEMURIDAE spp.,I
,CLASS MAMMALIA (MAMMALS),LORISIDAE,Nycticebus spp.,I
,CLASS MAMMALIA (MAMMALS),PITHECIIDAE,Cacajao spp.,I
,CLASS MAMMALIA (MAMMALS),PITHECIIDAE,Chiropotes albinasus,I
,CLASS MAMMALIA (MAMMALS),ELEPHANTIDAE,Elephas maximus,I
,CLASS MAMMALIA (MAMMALS),ELEPHANTIDAE,"Loxodonta africana (Except the populations of Botswana, Namibia,",I
,CLASS MAMMALIA (MAMMALS),ELEPHANTIDAE,"South Africa and Zimbabwe, which are included in Appendix II subject to annotation A10)",I
,CLASS MAMMALIA (MAMMALS),ELEPHANTIDAE,Loxodonta africana A10 (Only the,II
,CLASS MAMMALIA (MAMMALS),ELEPHANTIDAE,South Africa and Zimbabwe; all other populations are included in Appendix I),II
,CLASS MAMMALIA (MAMMALS),CHINCHILLIDAE,Chinchilla spp. A1,I
,CLASS MAMMALIA (MAMMALS),CUNICULIDAE,Cuniculus paca (Honduras),III
,CLASS MAMMALIA (MAMMALS),DASYPROCTIDAE,Dasyprocta punctata (Honduras),III
,CLASS MAMMALIA (MAMMALS),DASYPROCTIDAE,Sphiggurus mexicanus (Honduras),III
,CLASS MAMMALIA (MAMMALS),DASYPROCTIDAE,Sphiggurus spinosus (Uruguay),III
,CLASS MAMMALIA (MAMMALS),MURIDAE,Leporillus conditor,II
,CLASS MAMMALIA (MAMMALS),MURIDAE,Pseudomys fieldi,II
,CLASS MAMMALIA (MAMMALS),MURIDAE,Xeromys myoides,II
,CLASS MAMMALIA (MAMMALS),MURIDAE,Zyzomys pedunculatus,II
,CLASS MAMMALIA (MAMMALS),MURIDAE,Cynomys mexicanus,II
,CLASS MAMMALIA (MAMMALS),MURIDAE,Ratufa spp.,II
,CLASS MAMMALIA (MAMMALS),MURIDAE,Marmota caudata (India),III
,CLASS MAMMALIA (MAMMALS),MURIDAE,Marmota himalayana (India),III
,CLASS MAMMALIA (MAMMALS),SCANDENTIA,SCANDENTIA spp.,II
,CLASS MAMMALIA (MAMMALS),DUGONGIDAE,Dugong dugon,I
,CLASS MAMMALIA (MAMMALS),TRICHECHIDAE,Trichechus inunguis,I
,CLASS MAMMALIA (MAMMALS),TRICHECHIDAE,Trichechus manatus,I
,CLASS MAMMALIA (MAMMALS),TRICHECHIDAE,Trichechus senegalensis,I
,CLASS MAMMALIA (MAMMALS),ANATIDAE,Anas aucklandica,I
,CLASS MAMMALIA (MAMMALS),ANATIDAE,Anas chlorotis,I
,CLASS MAMMALIA (MAMMALS),ANATIDAE,Anas laysanensis,I
,CLASS MAMMALIA (MAMMALS),ANATIDAE,Anas nesiotis,I
,CLASS MAMMALIA (MAMMALS),ANATIDAE,Asarcornis scutulata,I
,CLASS MAMMALIA (MAMMALS),ANATIDAE,Branta sandvicensis,I
,CLASS MAMMALIA (MAMMALS),ANATIDAE,Rhodonessa caryophyllacea,I
,CLASS MAMMALIA (MAMMALS),ANATIDAE,Anas bernieri,II
,CLASS MAMMALIA (MAMMALS),ANATIDAE,Anas formosa,II
,CLASS MAMMALIA (MAMMALS),ANATIDAE,Branta canadensis leucopareia,II
,CLASS MAMMALIA (MAMMALS),ANATIDAE,Branta ruficollis,II
,CLASS MAMMALIA (MAMMALS),ANATIDAE,Coscoroba coscoroba,II
,CLASS MAMMALIA (MAMMALS),ANATIDAE,Cygnus melancoryphus,II
,CLASS MAMMALIA (MAMMALS),ANATIDAE,Dendrocygna arborea,II
,CLASS MAMMALIA (MAMMALS),ANATIDAE,Oxyura leucocephala,II
,CLASS MAMMALIA (MAMMALS),ANATIDAE,Sarkidiornis melanotos,II
,CLASS MAMMALIA (MAMMALS),ANATIDAE,Dendrocygna autumnalis (Honduras),III
,CLASS MAMMALIA (MAMMALS),ANATIDAE,Dendrocygna bicolor (Honduras),III
,CLASS MAMMALIA (MAMMALS),TROCHILIDAE,Glaucis dohrnii,I
,CLASS MAMMALIA (MAMMALS),TROCHILIDAE,TROCHILIDAE spp. (Except the species included in Appendix I),II
,CLASS MAMMALIA (MAMMALS),BURHINIDAE,Burhinus bistriatus (Guatemala),III
,CLASS MAMMALIA (MAMMALS),LARIDAE,Larus relictus,I
,CLASS MAMMALIA (MAMMALS),SCOLOPACIDAE,Numenius borealis,I
,CLASS MAMMALIA (MAMMALS),SCOLOPACIDAE,Numenius tenuirostris,I
,CLASS MAMMALIA (MAMMALS),SCOLOPACIDAE,Tringa guttifer,I
,CLASS MAMMALIA (MAMMALS),BALAENICIPITIDAE,Balaeniceps rex,II
,CLASS MAMMALIA (MAMMALS),CICONIIDAE,Ciconia boyciana,I
,CLASS MAMMALIA (MAMMALS),CICONIIDAE,Jabiru mycteria,I
,CLASS MAMMALIA (MAMMALS),CICONIIDAE,Mycteria cinerea,I
,CLASS MAMMALIA (MAMMALS),CICONIIDAE,Ciconia nigra,II
,CLASS MAMMALIA (MAMMALS),PHOENICOPTERIDAE,PHOENICOPTERIDAE spp.,II
,CLASS MAMMALIA (MAMMALS),THRESKIORNITHIDAE,Geronticus eremita,I
,CLASS MAMMALIA (MAMMALS),THRESKIORNITHIDAE,Nipponia nippon,I
,CLASS MAMMALIA (MAMMALS),THRESKIORNITHIDAE,Eudocimus ruber,II
,CLASS MAMMALIA (MAMMALS),THRESKIORNITHIDAE,Geronticus calvus,II
,CLASS MAMMALIA (MAMMALS),THRESKIORNITHIDAE,Platalea leucorodia,II
,CLASS MAMMALIA (MAMMALS),COLUMBIDAE,Caloenas nicobarica,I
,CLASS MAMMALIA (MAMMALS),COLUMBIDAE,Ducula mindorensis,I
,CLASS MAMMALIA (MAMMALS),COLUMBIDAE,Gallicolumba luzonica,II
,CLASS MAMMALIA (MAMMALS),COLUMBIDAE,Goura spp.,II
,CLASS MAMMALIA (MAMMALS),COLUMBIDAE,Nesoenas mayeri (Mauritius),III
,CLASS MAMMALIA (MAMMALS),BUCEROTIDAE,Buceros bicornis,I
,CLASS MAMMALIA (MAMMALS),BUCEROTIDAE,Rhinoplax vigil,I
,CLASS MAMMALIA (MAMMALS),BUCEROTIDAE,Rhyticeros subruficollis,I
,CLASS MAMMALIA (MAMMALS),BUCEROTIDAE,Berenicornis spp.,II
,CLASS MAMMALIA (MAMMALS),BUCEROTIDAE,Buceros spp. (Except the species included in Appendix I),II
,CLASS MAMMALIA (MAMMALS),BUCEROTIDAE,Penelopides spp.,II
,CLASS MAMMALIA (MAMMALS),BUCEROTIDAE,Rhyticeros spp. (Except the species,II
,CLASS MAMMALIA (MAMMALS),MUSOPHAGIDAE,Tauraco spp.,II
,CLASS MAMMALIA (MAMMALS),MUSOPHAGIDAE,"FALCONIFORMES spp. (Except the species included in Appendices I and III and Caracara lutosa, Cathartes aura,",II
,CLASS MAMMALIA (MAMMALS),MUSOPHAGIDAE,"Cathartes burrovianus, Cathartes melambrotus and Coragyps atratus which are not included in the",II
,CLASS MAMMALIA (MAMMALS),MUSOPHAGIDAE,Appendices),II
,CLASS MAMMALIA (MAMMALS),ACCIPITRIDAE,Aquila adalberti,I
,CLASS MAMMALIA (MAMMALS),ACCIPITRIDAE,Aquila heliaca,I
,CLASS MAMMALIA (MAMMALS),ACCIPITRIDAE,Chondrohierax wilsonii,I
,CLASS MAMMALIA (MAMMALS),ACCIPITRIDAE,Haliaeetus albicilla,I
,CLASS MAMMALIA (MAMMALS),ACCIPITRIDAE,Harpia harpyja,I
,CLASS MAMMALIA (MAMMALS),ACCIPITRIDAE,Pithecophaga jefferyi,I
,CLASS MAMMALIA (MAMMALS),CATHARTIDAE,Gymnogyps californianus,I
,CLASS MAMMALIA (MAMMALS),CATHARTIDAE,Vultur gryphus,I
,CLASS MAMMALIA (MAMMALS),CATHARTIDAE,Sarcoramphus papa (Honduras),III
,CLASS MAMMALIA (MAMMALS),FALCONIDAE,Falco newtoni (Only the population of,I
,CLASS MAMMALIA (MAMMALS),FALCONIDAE,Seychelles; all other populations are included in Appendix II),I
,CLASS MAMMALIA (MAMMALS),FALCONIDAE,Falco peregrinus,I
,CLASS MAMMALIA (MAMMALS),FALCONIDAE,Falco punctatus,I
,CLASS MAMMALIA (MAMMALS),FALCONIDAE,Falco rusticolus,I
,CLASS MAMMALIA (MAMMALS),FALCONIDAE,Crax blumenbachii,I
,CLASS MAMMALIA (MAMMALS),FALCONIDAE,Mitu mitu,I
,CLASS MAMMALIA (MAMMALS),FALCONIDAE,Oreophasis derbianus,I
,CLASS MAMMALIA (MAMMALS),FALCONIDAE,Penelope albipennis,I
,CLASS MAMMALIA (MAMMALS),FALCONIDAE,Pipile jacutinga,I
,CLASS MAMMALIA (MAMMALS),FALCONIDAE,Pipile pipile,I
,CLASS MAMMALIA (MAMMALS),FALCONIDAE,Crax alberti (Colombia),III
,CLASS MAMMALIA (MAMMALS),FALCONIDAE,Crax daubentoni (Colombia),III
,CLASS MAMMALIA (MAMMALS),FALCONIDAE,Crax globulosa (Colombia),III
,CLASS MAMMALIA (MAMMALS),FALCONIDAE,"Crax rubra (Colombia, Guatemala,",III
,CLASS MAMMALIA (MAMMALS),FALCONIDAE,Honduras),III
,CLASS MAMMALIA (MAMMALS),FALCONIDAE,"Ortalis vetula (Guatemala, Honduras)",III
,CLASS MAMMALIA (MAMMALS),FALCONIDAE,Pauxi pauxi (Colombia),III
,CLASS MAMMALIA (MAMMALS),FALCONIDAE,Penelope purpurascens (Honduras),III
,CLASS MAMMALIA (MAMMALS),FALCONIDAE,Penelopina nigra (Guatemala),III
,CLASS MAMMALIA (MAMMALS),MEGAPODIIDAE,Macrocephalon maleo,I
,CLASS MAMMALIA (MAMMALS),MEGAPODIIDAE,Lophophorus impejanus,I
,CLASS MAMMALIA (MAMMALS),MEGAPODIIDAE,Lophophorus lhuysii,I
,CLASS MAMMALIA (MAMMALS),MEGAPODIIDAE,Lophophorus sclateri,I
,CLASS MAMMALIA (MAMMALS),MEGAPODIIDAE,Lophura edwardsi,I
,CLASS MAMMALIA (MAMMALS),MEGAPODIIDAE,Lophura swinhoii,I
,CLASS MAMMALIA (MAMMALS),MEGAPODIIDAE,Polyplectron napoleonis,I
,CLASS MAMMALIA (MAMMALS),MEGAPODIIDAE,Rheinardia ocellata,I
,CLASS MAMMALIA (MAMMALS),MEGAPODIIDAE,Syrmaticus ellioti,I
,CLASS MAMMALIA (MAMMALS),MEGAPODIIDAE,Syrmaticus humiae,I
,CLASS MAMMALIA (MAMMALS),MEGAPODIIDAE,Syrmaticus mikado,I
,CLASS MAMMALIA (MAMMALS),MEGAPODIIDAE,Tetraogallus caspius,I
,CLASS MAMMALIA (MAMMALS),MEGAPODIIDAE,Tetraogallus tibetanus,I
,CLASS MAMMALIA (MAMMALS),MEGAPODIIDAE,Tragopan blythii,I
,CLASS MAMMALIA (MAMMALS),MEGAPODIIDAE,Tragopan caboti,I
,CLASS MAMMALIA (MAMMALS),MEGAPODIIDAE,Tragopan melanocephalus,I
,CLASS MAMMALIA (MAMMALS),MEGAPODIIDAE,Ithaginis cruentus,II
,CLASS MAMMALIA (MAMMALS),MEGAPODIIDAE,Pavo muticus,II
,CLASS MAMMALIA (MAMMALS),MEGAPODIIDAE,Polyplectron bicalcaratum,II
,CLASS MAMMALIA (MAMMALS),MEGAPODIIDAE,Polyplectron germaini,II
,CLASS MAMMALIA (MAMMALS),MEGAPODIIDAE,Polyplectron malacense,II
,CLASS MAMMALIA (MAMMALS),MEGAPODIIDAE,Polyplectron schleiermacheri,II
,CLASS MAMMALIA (MAMMALS),MEGAPODIIDAE,Syrmaticus reevesii,II
,CLASS MAMMALIA (MAMMALS),MEGAPODIIDAE,Tympanuchus cupido attwateri,II
,CLASS MAMMALIA (MAMMALS),MEGAPODIIDAE,Lophura leucomelanos (Pakistan),III
,CLASS MAMMALIA (MAMMALS),MEGAPODIIDAE,Meleagris ocellata (Guatemala),III
,CLASS MAMMALIA (MAMMALS),MEGAPODIIDAE,Pavo cristatus (Pakistan),III
,CLASS MAMMALIA (MAMMALS),MEGAPODIIDAE,Pucrasia macrolopha (Pakistan),III
,CLASS MAMMALIA (MAMMALS),MEGAPODIIDAE,Tragopan satyra (Nepal),III
,CLASS MAMMALIA (MAMMALS),GRUIDAE,Balearica pavonina,I
,CLASS MAMMALIA (MAMMALS),GRUIDAE,Grus americana,I
,CLASS MAMMALIA (MAMMALS),GRUIDAE,Grus japonensis,I
,CLASS MAMMALIA (MAMMALS),GRUIDAE,Grus monacha,I
,CLASS MAMMALIA (MAMMALS),GRUIDAE,Grus nigricollis,I
,CLASS MAMMALIA (MAMMALS),GRUIDAE,Leucogeranus leucogeranus,I
,CLASS MAMMALIA (MAMMALS),OTIDIDAE,Ardeotis nigriceps,I
,CLASS MAMMALIA (MAMMALS),OTIDIDAE,Chlamydotis macqueenii,I
,CLASS MAMMALIA (MAMMALS),OTIDIDAE,Chlamydotis undulata,I
,CLASS MAMMALIA (MAMMALS),OTIDIDAE,Houbaropsis bengalensis,I
,CLASS MAMMALIA (MAMMALS),OTIDIDAE,OTIDIDAE spp. (Except the species included in Appendix I),II
,CLASS MAMMALIA (MAMMALS),RALLIDAE,Hypotaenidia sylvestris,I
,CLASS MAMMALIA (MAMMALS),RHYNOCHETIDAE,Rhynochetos jubatus,I
,CLASS MAMMALIA (MAMMALS),ALAUDIDAE,Alauda arvensis (Population of,III
,CLASS MAMMALIA (MAMMALS),ALAUDIDAE,Ukraine) (Ukraine),III
,CLASS MAMMALIA (MAMMALS),ALAUDIDAE,Galerida cristata (Population of,III
,CLASS MAMMALIA (MAMMALS),ALAUDIDAE,Lullula arborea (Population of Ukraine),III
,CLASS MAMMALIA (MAMMALS),ALAUDIDAE,(Ukraine),III
,CLASS MAMMALIA (MAMMALS),ALAUDIDAE,Melanocorypha calandra (Population of Ukraine) (Ukraine),III
,CLASS MAMMALIA (MAMMALS),ATRICHORNITHIDAE,Atrichornis clamosus,I
,CLASS MAMMALIA (MAMMALS),COTINGIDAE,Cotinga maculata,I
,CLASS MAMMALIA (MAMMALS),COTINGIDAE,Xipholena atropurpurea,I
,CLASS MAMMALIA (MAMMALS),COTINGIDAE,Rupicola spp.,II
,CLASS MAMMALIA (MAMMALS),COTINGIDAE,Cephalopterus ornatus (Colombia),III
,CLASS MAMMALIA (MAMMALS),COTINGIDAE,Cephalopterus penduliger (Colombia),III
,CLASS MAMMALIA (MAMMALS),EMBERIZIDAE,Gubernatrix cristata,II
,CLASS MAMMALIA (MAMMALS),EMBERIZIDAE,Paroaria capitata,II
,CLASS MAMMALIA (MAMMALS),EMBERIZIDAE,Paroaria coronata,II
,CLASS MAMMALIA (MAMMALS),EMBERIZIDAE,Tangara fastuosa,II
,CLASS MAMMALIA (MAMMALS),EMBERIZIDAE,Emberiza citrinella (Population of,III
,CLASS MAMMALIA (MAMMALS),EMBERIZIDAE,Ukraine) (Ukraine),III
,CLASS MAMMALIA (MAMMALS),EMBERIZIDAE,Emberiza hortulana (Population of,III
,CLASS MAMMALIA (MAMMALS),EMBERIZIDAE,Melopyrrha nigra (Cuba),III
,CLASS MAMMALIA (MAMMALS),EMBERIZIDAE,Tiaris canorus (Cuba),III
,CLASS MAMMALIA (MAMMALS),ESTRILDIDAE,Amandava formosa,II
,CLASS MAMMALIA (MAMMALS),ESTRILDIDAE,Lonchura oryzivora,II
,CLASS MAMMALIA (MAMMALS),ESTRILDIDAE,Poephila cincta cincta,II
,CLASS MAMMALIA (MAMMALS),FRINGILLIDAE,Carduelis cucullata,I
,CLASS MAMMALIA (MAMMALS),FRINGILLIDAE,Carduelis yarrellii,II
,CLASS MAMMALIA (MAMMALS),FRINGILLIDAE,Carduelis cannabina (Population of,III
,CLASS MAMMALIA (MAMMALS),FRINGILLIDAE,Ukraine) (Ukraine),III
,CLASS MAMMALIA (MAMMALS),FRINGILLIDAE,Carduelis carduelis (Population of,III
,CLASS MAMMALIA (MAMMALS),FRINGILLIDAE,Carduelis flammea (Population of,III
,CLASS MAMMALIA (MAMMALS),FRINGILLIDAE,Carduelis hornemanni (Population of,III
,CLASS MAMMALIA (MAMMALS),FRINGILLIDAE,Carduelis spinus (Population of,III
,CLASS MAMMALIA (MAMMALS),FRINGILLIDAE,Carpodacus erythrinus (Population of,III
,CLASS MAMMALIA (MAMMALS),FRINGILLIDAE,Loxia curvirostra (Population of,III
,CLASS MAMMALIA (MAMMALS),FRINGILLIDAE,Pyrrhula pyrrhula (Population of,III
,CLASS MAMMALIA (MAMMALS),FRINGILLIDAE,Serinus serinus (Population of Ukraine),III
,CLASS MAMMALIA (MAMMALS),FRINGILLIDAE,(Ukraine),III
,CLASS MAMMALIA (MAMMALS),HIRUNDINIDAE,Pseudochelidon sirintarae,I
,CLASS MAMMALIA (MAMMALS),ICTERIDAE,Xanthopsar flavus,I
,CLASS MAMMALIA (MAMMALS),MELIPHAGIDAE,Lichenostomus melanops cassidix,II
,CLASS MAMMALIA (MAMMALS),MUSCICAPIDAE,Sylvia borin (Population of Ukraine),III
,CLASS MAMMALIA (MAMMALS),MUSCICAPIDAE,(Ukraine),III
,CLASS MAMMALIA (MAMMALS),MUSCICAPIDAE,Sylvia curruca (Population of Ukraine),III
,CLASS MAMMALIA (MAMMALS),MUSCICAPIDAE,Sylvia nisoria (Population of Ukraine),III
,CLASS MAMMALIA (MAMMALS),MUSCICAPIDAE,Terpsiphone bourbonnensis,III
,CLASS MAMMALIA (MAMMALS),MUSCICAPIDAE,(Mauritius),III
,CLASS MAMMALIA (MAMMALS),MUSCICAPIDAE,Turdus merula (Population of Ukraine),III
,CLASS MAMMALIA (MAMMALS),MUSCICAPIDAE,Turdus philomelos (Population of,III
,CLASS MAMMALIA (MAMMALS),MUSCICAPIDAE,Ukraine) (Ukraine),III
,CLASS MAMMALIA (MAMMALS),ORIOLIDAE,Oriolus oriolus (Population of Ukraine),III
,CLASS MAMMALIA (MAMMALS),ORIOLIDAE,(Ukraine),III
,CLASS MAMMALIA (MAMMALS),PARADISAEIDAE,PARADISAEIDAE spp.,II
,CLASS MAMMALIA (MAMMALS),PARIDAE,Parus ater (Population of Ukraine),III
,CLASS MAMMALIA (MAMMALS),PARIDAE,(Ukraine),III
,CLASS MAMMALIA (MAMMALS),PITTIDAE,Pitta gurneyi,I
,CLASS MAMMALIA (MAMMALS),PITTIDAE,Pitta kochi,I
,CLASS MAMMALIA (MAMMALS),PITTIDAE,Pitta guajana,II
,CLASS MAMMALIA (MAMMALS),PITTIDAE,Pitta nympha,II
,CLASS MAMMALIA (MAMMALS),PYCNONOTIDAE,Pycnonotus zeylanicus,I
,CLASS MAMMALIA (MAMMALS),STURNIDAE,Leucopsar rothschildi,I
,CLASS MAMMALIA (MAMMALS),STURNIDAE,Gracula religiosa,II
,CLASS MAMMALIA (MAMMALS),TROGLODYTIDAE,Troglodytes troglodytes (Population of,III
,CLASS MAMMALIA (MAMMALS),TROGLODYTIDAE,Ukraine) (Ukraine),III
,CLASS MAMMALIA (MAMMALS),TROGLODYTIDAE,Zosterops albogularis,I
,CLASS MAMMALIA (MAMMALS),FREGATIDAE,Fregata andrewsi,I
,CLASS MAMMALIA (MAMMALS),PELECANIDAE,Pelecanus crispus,I
,CLASS MAMMALIA (MAMMALS),SULIDAE,Papasula abbotti,I
,CLASS MAMMALIA (MAMMALS),CAPITONIDAE,Semnornis ramphastinus (Colombia),III
,CLASS MAMMALIA (MAMMALS),PICIDAE,Dryocopus javensis richardsi,I
,CLASS MAMMALIA (MAMMALS),RAMPHASTIDAE,Pteroglossus aracari,II
,CLASS MAMMALIA (MAMMALS),RAMPHASTIDAE,Pteroglossus viridis,II
,CLASS MAMMALIA (MAMMALS),RAMPHASTIDAE,Ramphastos sulfuratus,II
,CLASS MAMMALIA (MAMMALS),RAMPHASTIDAE,Ramphastos toco,II
,CLASS MAMMALIA (MAMMALS),RAMPHASTIDAE,Ramphastos tucanus,II
,CLASS MAMMALIA (MAMMALS),RAMPHASTIDAE,Ramphastos vitellinus,II
,CLASS MAMMALIA (MAMMALS),RAMPHASTIDAE,Baillonius bailloni (Argentina),III
,CLASS MAMMALIA (MAMMALS),RAMPHASTIDAE,Pteroglossus castanotis (Argentina),III
,CLASS MAMMALIA (MAMMALS),RAMPHASTIDAE,Ramphastos dicolorus (Argentina),III
,CLASS MAMMALIA (MAMMALS),RAMPHASTIDAE,Selenidera maculirostris (Argentina),III
,CLASS MAMMALIA (MAMMALS),PODICIPEDIDAE,Podilymbus gigas,I
,CLASS MAMMALIA (MAMMALS),DIOMEDEIDAE,Phoebastria albatrus,II
,CLASS MAMMALIA (MAMMALS),DIOMEDEIDAE,PSITTACIFORMES spp. (Except the species included in Appendix I and,II
,CLASS MAMMALIA (MAMMALS),DIOMEDEIDAE,"Agapornis roseicollis, Melopsittacus undulatus, Nymphicus hollandicus and",II
,CLASS MAMMALIA (MAMMALS),DIOMEDEIDAE,Psittacula krameri which are not included in the Appendices),II
,CLASS MAMMALIA (MAMMALS),CACATUIDAE,Cacatua goffiniana,I
,CLASS MAMMALIA (MAMMALS),CACATUIDAE,Cacatua haematuropygia,I
,CLASS MAMMALIA (MAMMALS),CACATUIDAE,Cacatua moluccensis,I
,CLASS MAMMALIA (MAMMALS),CACATUIDAE,Cacatua sulphurea,I
,CLASS MAMMALIA (MAMMALS),CACATUIDAE,Probosciger aterrimus,I
,CLASS MAMMALIA (MAMMALS),LORIIDAE,Eos histrio,I
,CLASS MAMMALIA (MAMMALS),LORIIDAE,Vini ultramarina,I
,CLASS MAMMALIA (MAMMALS),LORIIDAE,Ara ambiguus,I
,CLASS MAMMALIA (MAMMALS),LORIIDAE,Ara glaucogularis,I
,CLASS MAMMALIA (MAMMALS),LORIIDAE,Ara macao,I
,CLASS MAMMALIA (MAMMALS),LORIIDAE,Ara militaris,I
,CLASS MAMMALIA (MAMMALS),LORIIDAE,Ara rubrogenys,I
,CLASS MAMMALIA (MAMMALS),LORIIDAE,Cyanopsitta spixii,I
,CLASS MAMMALIA (MAMMALS),LORIIDAE,Cyanoramphus cookii,I
,CLASS MAMMALIA (MAMMALS),LORIIDAE,Cyanoramphus forbesi,I
,CLASS MAMMALIA (MAMMALS),LORIIDAE,Cyanoramphus novaezelandiae,I
,CLASS MAMMALIA (MAMMALS),LORIIDAE,Cyanoramphus saisseti,I
,CLASS MAMMALIA (MAMMALS),LORIIDAE,Cyclopsitta diophthalma coxeni,I
,CLASS MAMMALIA (MAMMALS),LORIIDAE,Eunymphicus cornutus,I
,CLASS MAMMALIA (MAMMALS),LORIIDAE,Guarouba guarouba,I
,CLASS MAMMALIA (MAMMALS),LORIIDAE,Neophema chrysogaster,I
,CLASS MAMMALIA (MAMMALS),LORIIDAE,Ognorhynchus icterotis,I
,CLASS MAMMALIA (MAMMALS),LORIIDAE,Pezoporus flaviventris,I
,CLASS MAMMALIA (MAMMALS),LORIIDAE,Pezoporus occidentalis,I
,CLASS MAMMALIA (MAMMALS),LORIIDAE,Pezoporus wallicus,I
,CLASS MAMMALIA (MAMMALS),LORIIDAE,Pionopsitta pileata,I
,CLASS MAMMALIA (MAMMALS),LORIIDAE,Primolius couloni,I
,CLASS MAMMALIA (MAMMALS),LORIIDAE,Primolius maracana,I
,CLASS MAMMALIA (MAMMALS),LORIIDAE,Psephotellus chrysopterygius,I
,CLASS MAMMALIA (MAMMALS),LORIIDAE,Psephotellus dissimilis,I
,CLASS MAMMALIA (MAMMALS),LORIIDAE,Psephotellus pulcherrimus,I
,CLASS MAMMALIA (MAMMALS),LORIIDAE,Psittacula echo,I
,CLASS MAMMALIA (MAMMALS),LORIIDAE,Psittacus erithacus,I
,CLASS MAMMALIA (MAMMALS),LORIIDAE,Pyrrhura cruentata,I
,CLASS MAMMALIA (MAMMALS),LORIIDAE,Rhynchopsitta spp.,I
,CLASS MAMMALIA (MAMMALS),LORIIDAE,Strigops habroptila,I
,CLASS MAMMALIA (MAMMALS),RHEIDAE,Rhea americana,II
,CLASS MAMMALIA (MAMMALS),SPHENISCIDAE,Spheniscus humboldti,I
,CLASS MAMMALIA (MAMMALS),SPHENISCIDAE,Spheniscus demersus,II
,CLASS MAMMALIA (MAMMALS),STRIGIFORMES,STRIGIFORMES spp. (Except the species included in Appendix I and,II
,CLASS MAMMALIA (MAMMALS),STRIGIFORMES,Sceloglaux albifacies which is not included in the Appendices),II
,CLASS MAMMALIA (MAMMALS),STRIGIDAE,Heteroglaux blewitti,I
,CLASS MAMMALIA (MAMMALS),STRIGIDAE,Mimizuku gurneyi,I
,CLASS MAMMALIA (MAMMALS),STRIGIDAE,Ninox natalis,I
,CLASS MAMMALIA (MAMMALS),TYTONIDAE,Tyto soumagnei,I
,CLASS MAMMALIA (MAMMALS),STRUTHIONIDAE,"Struthio camelus (Only the populations of Algeria, Burkina Faso, Cameroon, the",I
,CLASS MAMMALIA (MAMMALS),STRUTHIONIDAE,"Central African Republic, Chad, Mali,",I
,CLASS MAMMALIA (MAMMALS),STRUTHIONIDAE,"Mauritania, Morocco, the Niger, Nigeria,",I
,CLASS MAMMALIA (MAMMALS),STRUTHIONIDAE,Senegal and the Sudan; no other population is included in the,I
,CLASS MAMMALIA (MAMMALS),STRUTHIONIDAE,Appendices),I
,CLASS MAMMALIA (MAMMALS),TINAMIDAE,Tinamus solitarius,I
,CLASS MAMMALIA (MAMMALS),TROGONIDAE,Pharomachrus mocinno,I
,CLASS MAMMALIA (MAMMALS),TROGONIDAE,CROCODYLIA spp. (Except the species included in Appendix I),II
,CLASS MAMMALIA (MAMMALS),ALLIGATORIDAE,Alligator sinensis,I
,CLASS MAMMALIA (MAMMALS),ALLIGATORIDAE,Caiman crocodilus apaporiensis,I
,CLASS MAMMALIA (MAMMALS),ALLIGATORIDAE,"Caiman latirostris (Except the populations of Argentina and BrazilA11, which are included in Appendix II)",I
,CLASS MAMMALIA (MAMMALS),ALLIGATORIDAE,Melanosuchus niger (Except the populations of Brazil and Ecuador A12,I
,CLASS MAMMALIA (MAMMALS),CROCODYLIDAE,"Crocodylus niloticus (Except the populations of Botswana, EgyptA15,",I
,CLASS MAMMALIA (MAMMALS),CROCODYLIDAE,"Ethiopia, Kenya, Madagascar, Malawi,",I
,CLASS MAMMALIA (MAMMALS),CROCODYLIDAE,"Mozambique, Namibia, South Africa,",I
,CLASS MAMMALIA (MAMMALS),CROCODYLIDAE,"Uganda, the United Republic of",I
,CLASS MAMMALIA (MAMMALS),CROCODYLIDAE,"TanzaniaA16, Zambia and Zimbabwe, which are included in Appendix II)",I
,CLASS MAMMALIA (MAMMALS),CROCODYLIDAE,Crocodylus palustris,I
,CLASS MAMMALIA (MAMMALS),CROCODYLIDAE,"Crocodylus porosus (Except the populations of Australia, Indonesia,",I
,CLASS MAMMALIA (MAMMALS),CROCODYLIDAE,"MalaysiaA17, Papua New Guinea and the",I
,CLASS MAMMALIA (MAMMALS),CROCODYLIDAE,Philippines [population of the Palawan,I
,CLASS MAMMALIA (MAMMALS),CROCODYLIDAE,"Islands]A18, which are included in",I
,CLASS MAMMALIA (MAMMALS),CROCODYLIDAE,Appendix II),I
,CLASS MAMMALIA (MAMMALS),CROCODYLIDAE,Crocodylus rhombifer,I
,CLASS MAMMALIA (MAMMALS),CROCODYLIDAE,Crocodylus siamensis,I
,CLASS MAMMALIA (MAMMALS),CROCODYLIDAE,Osteolaemus tetraspis,I
,CLASS MAMMALIA (MAMMALS),CROCODYLIDAE,Tomistoma schlegelii,I
,CLASS MAMMALIA (MAMMALS),GAVIALIDAE,Gavialis gangeticus,I
,CLASS MAMMALIA (MAMMALS),SPHENODONTIDAE,Sphenodon spp.,I
,CLASS MAMMALIA (MAMMALS),SPHENODONTIDAE,Ceratophora erdeleni,I
,CLASS MAMMALIA (MAMMALS),SPHENODONTIDAE,Ceratophora karu,I
,CLASS MAMMALIA (MAMMALS),SPHENODONTIDAE,Ceratophora tennentii,I
,CLASS MAMMALIA (MAMMALS),SPHENODONTIDAE,Cophotis ceylanica,I
,CLASS MAMMALIA (MAMMALS),SPHENODONTIDAE,Cophotis dumbara,I
,CLASS MAMMALIA (MAMMALS),SPHENODONTIDAE,Ceratophora aspera A19,II
,CLASS MAMMALIA (MAMMALS),SPHENODONTIDAE,Ceratophora stoddartii A19,II
,CLASS MAMMALIA (MAMMALS),SPHENODONTIDAE,Lyriocephalus scutatus A19,II
,CLASS MAMMALIA (MAMMALS),SPHENODONTIDAE,Physignathus cocincinus,II
,CLASS MAMMALIA (MAMMALS),SPHENODONTIDAE,Saara spp.,II
,CLASS MAMMALIA (MAMMALS),SPHENODONTIDAE,Uromastyx spp.,II
,CLASS MAMMALIA (MAMMALS),SPHENODONTIDAE,Calotes liolepis (Sri Lanka),III
,CLASS MAMMALIA (MAMMALS),SPHENODONTIDAE,Calotes manamendrai (Sri Lanka),III
,CLASS MAMMALIA (MAMMALS),SPHENODONTIDAE,Calotes nigrilabris (Sri Lanka),III
,CLASS MAMMALIA (MAMMALS),SPHENODONTIDAE,Calotes pethiyagodai (Sri Lanka),III
,CLASS MAMMALIA (MAMMALS),SPHENODONTIDAE,Ctenophorus spp. (Australia),III
,CLASS MAMMALIA (MAMMALS),SPHENODONTIDAE,Intellagama spp. (Australia),III
,CLASS MAMMALIA (MAMMALS),SPHENODONTIDAE,Tympanocryptis spp. (Australia),III
,CLASS MAMMALIA (MAMMALS),ANGUIDAE,Abronia anzuetoi,I
,CLASS MAMMALIA (MAMMALS),ANGUIDAE,Abronia campbelli,I
,CLASS MAMMALIA (MAMMALS),ANGUIDAE,Abronia fimbriata,I
,CLASS MAMMALIA (MAMMALS),ANGUIDAE,Abronia frosti,I
,CLASS MAMMALIA (MAMMALS),ANGUIDAE,Abronia meledona,I
,CLASS MAMMALIA (MAMMALS),ANGUIDAE,Abronia spp. A20 (Except the species included in Appendix I),II
,CLASS MAMMALIA (MAMMALS),CHAMAELEONIDAE,Brookesia perarmata,I
,CLASS MAMMALIA (MAMMALS),CHAMAELEONIDAE,Brookesia spp. (Except the species included in Appendix I),II
,CLASS MAMMALIA (MAMMALS),CHAMAELEONIDAE,Calumma spp.,II
,CLASS MAMMALIA (MAMMALS),CHAMAELEONIDAE,Chamaeleo spp.,II
,CLASS MAMMALIA (MAMMALS),CHAMAELEONIDAE,Furcifer spp.,II
,CLASS MAMMALIA (MAMMALS),CHAMAELEONIDAE,Kinyongia spp.,II
,CLASS MAMMALIA (MAMMALS),CHAMAELEONIDAE,Nadzikambia spp.,II
,CLASS MAMMALIA (MAMMALS),CHAMAELEONIDAE,Palleon spp.,II
,CLASS MAMMALIA (MAMMALS),CHAMAELEONIDAE,Rhampholeon spp.,II
,CLASS MAMMALIA (MAMMALS),CHAMAELEONIDAE,Rieppeleon spp.,II
,CLASS MAMMALIA (MAMMALS),CHAMAELEONIDAE,Trioceros spp.,II
,CLASS MAMMALIA (MAMMALS),CORDYLIDAE,Cordylus spp.,II
,CLASS MAMMALIA (MAMMALS),CORDYLIDAE,Hemicordylus spp.,II
,CLASS MAMMALIA (MAMMALS),CORDYLIDAE,Karusaurus spp.,II
,CLASS MAMMALIA (MAMMALS),CORDYLIDAE,Namazonurus spp.,II
,CLASS MAMMALIA (MAMMALS),CORDYLIDAE,Ninurta spp.,II
,CLASS MAMMALIA (MAMMALS),CORDYLIDAE,Ouroborus spp.,II
,CLASS MAMMALIA (MAMMALS),CORDYLIDAE,Pseudocordylus spp.,II
,CLASS MAMMALIA (MAMMALS),CORDYLIDAE,Smaug spp.,II
,CLASS MAMMALIA (MAMMALS),GEKKONIDAE,Tarentola chazaliae,II
,CLASS MAMMALIA (MAMMALS),GEKKONIDAE,Uroplatus spp.,II
,CLASS MAMMALIA (MAMMALS),GEKKONIDAE,Sphaerodactylus notatus atactus,III
,CLASS MAMMALIA (MAMMALS),GEKKONIDAE,(Cuba),III
,CLASS MAMMALIA (MAMMALS),GEKKONIDAE,Sphaerodactylus oliveri (Cuba),III
,CLASS MAMMALIA (MAMMALS),GEKKONIDAE,Sphaerodactylus pimienta (Cuba),III
,CLASS MAMMALIA (MAMMALS),GEKKONIDAE,Sphaerodactylus ruibali (Cuba),III
,CLASS MAMMALIA (MAMMALS),GEKKONIDAE,Sphaerodactylus siboney (Cuba),III
,CLASS MAMMALIA (MAMMALS),GEKKONIDAE,Sphaerodactylus torrei (Cuba),III
,CLASS MAMMALIA (MAMMALS),GEKKONIDAE,Strophurus spp. (Australia),III
,CLASS MAMMALIA (MAMMALS),GEKKONIDAE,Toropuku spp. (New Zealand),III
,CLASS MAMMALIA (MAMMALS),GEKKONIDAE,Tukutuku spp. (New Zealand),III
,CLASS MAMMALIA (MAMMALS),GEKKONIDAE,Underwoodisaurus spp. (Australia),III
,CLASS MAMMALIA (MAMMALS),GEKKONIDAE,Uvidicolus spp. (Australia),III
,CLASS MAMMALIA (MAMMALS),GEKKONIDAE,Woodworthia spp. (New Zealand),III
,CLASS MAMMALIA (MAMMALS),GEKKONIDAE,Heloderma horridum charlesbogerti,I
,CLASS MAMMALIA (MAMMALS),GEKKONIDAE,Heloderma spp. (Except the subspecies included in Appendix I),II
,CLASS MAMMALIA (MAMMALS),IGUANIDAE,Brachylophus spp.,I
,CLASS MAMMALIA (MAMMALS),IGUANIDAE,Cyclura spp.,I
,CLASS MAMMALIA (MAMMALS),IGUANIDAE,Sauromalus varius,I
,CLASS MAMMALIA (MAMMALS),IGUANIDAE,Amblyrhynchus cristatus,II
,CLASS MAMMALIA (MAMMALS),IGUANIDAE,Conolophus spp.,II
,CLASS MAMMALIA (MAMMALS),IGUANIDAE,Ctenosaura spp.,II
,CLASS MAMMALIA (MAMMALS),IGUANIDAE,Iguana spp.,II
,CLASS MAMMALIA (MAMMALS),LACERTIDAE,Gallotia simonyi,I
,CLASS MAMMALIA (MAMMALS),LACERTIDAE,Podarcis lilfordi,II
,CLASS MAMMALIA (MAMMALS),LACERTIDAE,Podarcis pityusensis,II
,CLASS MAMMALIA (MAMMALS),LACERTIDAE,LANTHANOTIDAE spp. A19,II
,CLASS MAMMALIA (MAMMALS),PHRYNOSOMATIDAE,Phrynosoma spp.,II
,CLASS MAMMALIA (MAMMALS),POLYCHROTIDAE,Anolis agueroi (Cuba),III
,CLASS MAMMALIA (MAMMALS),POLYCHROTIDAE,Anolis baracoae (Cuba),III
,CLASS MAMMALIA (MAMMALS),POLYCHROTIDAE,Anolis barbatus (Cuba),III
,CLASS MAMMALIA (MAMMALS),POLYCHROTIDAE,Anolis chamaeleonides (Cuba),III
,CLASS MAMMALIA (MAMMALS),POLYCHROTIDAE,Anolis equestris (Cuba),III
,CLASS MAMMALIA (MAMMALS),POLYCHROTIDAE,Anolis guamuhaya (Cuba),III
,CLASS MAMMALIA (MAMMALS),POLYCHROTIDAE,Anolis luteogularis (Cuba),III
,CLASS MAMMALIA (MAMMALS),POLYCHROTIDAE,Anolis pigmaequestris (Cuba),III
,CLASS MAMMALIA (MAMMALS),POLYCHROTIDAE,Anolis porcus (Cuba),III
,CLASS MAMMALIA (MAMMALS),POLYCHROTIDAE,Tiliqua adelaidensis,I
,CLASS MAMMALIA (MAMMALS),POLYCHROTIDAE,Corucia zebrata,II
,CLASS MAMMALIA (MAMMALS),POLYCHROTIDAE,Egernia spp. (Australia),III
,CLASS MAMMALIA (MAMMALS),POLYCHROTIDAE,Tiliqua multifasciata (Australia),III
,CLASS MAMMALIA (MAMMALS),POLYCHROTIDAE,Tiliqua nigrolutea (Australia),III
,CLASS MAMMALIA (MAMMALS),POLYCHROTIDAE,Tiliqua occipitalis (Australia),III
,CLASS MAMMALIA (MAMMALS),POLYCHROTIDAE,Tiliqua rugosa (Australia),III
,CLASS MAMMALIA (MAMMALS),POLYCHROTIDAE,Tiliqua scincoides intermedia,III
,CLASS MAMMALIA (MAMMALS),POLYCHROTIDAE,(Australia),III
,CLASS MAMMALIA (MAMMALS),POLYCHROTIDAE,Tiliqua scincoides scincoides,III
,CLASS MAMMALIA (MAMMALS),TEIIDAE,Tupinambis spp.,II
,CLASS MAMMALIA (MAMMALS),VARANIDAE,Varanus bengalensis,I
,CLASS MAMMALIA (MAMMALS),VARANIDAE,Varanus flavescens,I
,CLASS MAMMALIA (MAMMALS),VARANIDAE,Varanus griseus,I
,CLASS MAMMALIA (MAMMALS),VARANIDAE,Varanus komodoensis,I
,CLASS MAMMALIA (MAMMALS),VARANIDAE,Varanus nebulosus,I
,CLASS MAMMALIA (MAMMALS),VARANIDAE,Varanus spp. (Except the species included in Appendix I),II
,CLASS MAMMALIA (MAMMALS),VARANIDAE,Shinisaurus crocodilurus,I
,CLASS MAMMALIA (MAMMALS),BOIDAE,Acrantophis spp.,I
,CLASS MAMMALIA (MAMMALS),BOIDAE,Boa constrictor occidentalis,I
,CLASS MAMMALIA (MAMMALS),BOIDAE,Chilabothrus monensis,I
,CLASS MAMMALIA (MAMMALS),BOIDAE,Chilabothrus subflavus,I
,CLASS MAMMALIA (MAMMALS),BOIDAE,Sanzinia madagascariensis,I
,CLASS MAMMALIA (MAMMALS),BOIDAE,BOIDAE spp. (Except the species included in Appendix I),II
,CLASS MAMMALIA (MAMMALS),BOLYERIIDAE,Bolyeria multocarinata,I
,CLASS MAMMALIA (MAMMALS),BOLYERIIDAE,Casarea dussumieri,I
,CLASS MAMMALIA (MAMMALS),BOLYERIIDAE,BOLYERIIDAE spp. (Except the species included in Appendix I),II
,CLASS MAMMALIA (MAMMALS),BOLYERIIDAE,Xenochrophis schnurrenbergeri,III
,CLASS MAMMALIA (MAMMALS),BOLYERIIDAE,(India),III
,CLASS MAMMALIA (MAMMALS),BOLYERIIDAE,Xenochrophis tytleri (India),III
,CLASS MAMMALIA (MAMMALS),ELAPIDAE,Hoplocephalus bungaroides,II
,CLASS MAMMALIA (MAMMALS),ELAPIDAE,Naja atra,II
,CLASS MAMMALIA (MAMMALS),ELAPIDAE,Naja kaouthia,II
,CLASS MAMMALIA (MAMMALS),ELAPIDAE,Naja mandalayensis,II
,CLASS MAMMALIA (MAMMALS),ELAPIDAE,Naja naja,II
,CLASS MAMMALIA (MAMMALS),ELAPIDAE,Naja oxiana,II
,CLASS MAMMALIA (MAMMALS),ELAPIDAE,Naja philippinensis,II
,CLASS MAMMALIA (MAMMALS),ELAPIDAE,Naja sagittifera,II
,CLASS MAMMALIA (MAMMALS),ELAPIDAE,Naja samarensis,II
,CLASS MAMMALIA (MAMMALS),ELAPIDAE,Naja siamensis,II
,CLASS MAMMALIA (MAMMALS),ELAPIDAE,Naja sputatrix,II
,CLASS MAMMALIA (MAMMALS),ELAPIDAE,Naja sumatrana,II
,CLASS MAMMALIA (MAMMALS),ELAPIDAE,Ophiophagus hannah,II
,CLASS MAMMALIA (MAMMALS),ELAPIDAE,Micrurus diastema (Honduras),III
,CLASS MAMMALIA (MAMMALS),ELAPIDAE,Micrurus nigrocinctus (Honduras),III
,CLASS MAMMALIA (MAMMALS),ELAPIDAE,Micrurus ruatanus (Honduras),III
,CLASS MAMMALIA (MAMMALS),LOXOCEMIDAE,LOXOCEMIDAE spp.,II
,CLASS MAMMALIA (MAMMALS),PYTHONIDAE,Python molurus,I
,CLASS MAMMALIA (MAMMALS),PYTHONIDAE,PYTHONIDAE spp. (Except the species included in Appendix I),II
,CLASS MAMMALIA (MAMMALS),TROPIDOPHIIDAE,TROPIDOPHIIDAE spp.,II
,CLASS MAMMALIA (MAMMALS),VIPERIDAE,Vipera ursinii (Only the population of,I
,CLASS MAMMALIA (MAMMALS),VIPERIDAE,"Europe, except the area which formerly constituted the Union of Soviet Socialist",I
,CLASS MAMMALIA (MAMMALS),VIPERIDAE,Republics; these latter populations are not included in the Appendices),I
,CLASS MAMMALIA (MAMMALS),VIPERIDAE,Montivipera wagneri,II
,CLASS MAMMALIA (MAMMALS),VIPERIDAE,Protobothrops mangshanensis,II
,CLASS MAMMALIA (MAMMALS),VIPERIDAE,Pseudocerastes urarachnoides,II
,CLASS MAMMALIA (MAMMALS),CARETTOCHELYIDAE,Carettochelys insculpta,II
,CLASS MAMMALIA (MAMMALS),CARETTOCHELYIDAE,Pseudemydura umbrina,I
,CLASS MAMMALIA (MAMMALS),CARETTOCHELYIDAE,Chelodina mccordi A21,II
,CLASS MAMMALIA (MAMMALS),CARETTOCHELYIDAE,Chelus fimbriatus {Includes Chelus orinocensis},II
,CLASS MAMMALIA (MAMMALS),CHELONIIDAE,CHELONIIDAE spp.,I
,CLASS MAMMALIA (MAMMALS),CHELYDRIDAE,Chelydra serpentina,II
,CLASS MAMMALIA (MAMMALS),CHELYDRIDAE,Macrochelys temminckii,II
,CLASS MAMMALIA (MAMMALS),CHELYDRIDAE,Dermatemys mawii,II
,CLASS MAMMALIA (MAMMALS),DERMOCHELYIDAE,Dermochelys coriacea,I
,CLASS MAMMALIA (MAMMALS),DERMOCHELYIDAE,Glyptemys muhlenbergii,I
,CLASS MAMMALIA (MAMMALS),DERMOCHELYIDAE,Terrapene coahuila,I
,CLASS MAMMALIA (MAMMALS),DERMOCHELYIDAE,Glyptemys insculpta,II
,CLASS MAMMALIA (MAMMALS),DERMOCHELYIDAE,Graptemys barbouri,II
,CLASS MAMMALIA (MAMMALS),DERMOCHELYIDAE,Graptemys ernsti,II
,CLASS MAMMALIA (MAMMALS),DERMOCHELYIDAE,Graptemys gibbonsi,II
,CLASS MAMMALIA (MAMMALS),DERMOCHELYIDAE,Graptemys pearlensis,II
,CLASS MAMMALIA (MAMMALS),DERMOCHELYIDAE,Graptemys pulchra,II
,CLASS MAMMALIA (MAMMALS),DERMOCHELYIDAE,Malaclemys terrapin,II
,CLASS MAMMALIA (MAMMALS),DERMOCHELYIDAE,Terrapene spp. (Except the species included in Appendix I),II
,CLASS MAMMALIA (MAMMALS),DERMOCHELYIDAE,Graptemys spp. (Except the species included in Appendix II) (United States of,III
,CLASS MAMMALIA (MAMMALS),DERMOCHELYIDAE,America),III
,CLASS MAMMALIA (MAMMALS),DERMOCHELYIDAE,Mauremys annamensis,I
,CLASS MAMMALIA (MAMMALS),DERMOCHELYIDAE,Melanochelys tricarinata,I
,CLASS MAMMALIA (MAMMALS),DERMOCHELYIDAE,Morenia ocellata,I
,CLASS MAMMALIA (MAMMALS),DERMOCHELYIDAE,Pangshura tecta,I
,CLASS MAMMALIA (MAMMALS),DERMOCHELYIDAE,Heosemys annandalii A22,II
,CLASS MAMMALIA (MAMMALS),DERMOCHELYIDAE,Heosemys depressa A22,II
,CLASS MAMMALIA (MAMMALS),DERMOCHELYIDAE,Heosemys grandis,II
,CLASS MAMMALIA (MAMMALS),DERMOCHELYIDAE,Heosemys spinosa,II
,CLASS MAMMALIA (MAMMALS),DERMOCHELYIDAE,Leucocephalon yuwonoi,II
,CLASS MAMMALIA (MAMMALS),DERMOCHELYIDAE,Malayemys khoratensis,II
,CLASS MAMMALIA (MAMMALS),DERMOCHELYIDAE,Malayemys macrocephala,II
,CLASS MAMMALIA (MAMMALS),DERMOCHELYIDAE,Malayemys subtrijuga,II
,CLASS MAMMALIA (MAMMALS),DERMOCHELYIDAE,Mauremys japonica,II
,CLASS MAMMALIA (MAMMALS),DERMOCHELYIDAE,Mauremys mutica,II
,CLASS MAMMALIA (MAMMALS),DERMOCHELYIDAE,Mauremys nigricans,II
,CLASS MAMMALIA (MAMMALS),DERMOCHELYIDAE,Melanochelys trijuga,II
,CLASS MAMMALIA (MAMMALS),DERMOCHELYIDAE,Morenia petersi,II
,CLASS MAMMALIA (MAMMALS),DERMOCHELYIDAE,Notochelys platynota,II
,CLASS MAMMALIA (MAMMALS),DERMOCHELYIDAE,Orlitia borneensis A22,II
,CLASS MAMMALIA (MAMMALS),DERMOCHELYIDAE,Pangshura spp. (Except the species,II
,CLASS MAMMALIA (MAMMALS),DERMOCHELYIDAE,Rhinoclemmys spp.,II
,CLASS MAMMALIA (MAMMALS),DERMOCHELYIDAE,Sacalia bealei,II
,CLASS MAMMALIA (MAMMALS),DERMOCHELYIDAE,Sacalia quadriocellata,II
,CLASS MAMMALIA (MAMMALS),DERMOCHELYIDAE,Siebenrockiella crassicollis,II
,CLASS MAMMALIA (MAMMALS),DERMOCHELYIDAE,Siebenrockiella leytensis,II
,CLASS MAMMALIA (MAMMALS),DERMOCHELYIDAE,Vijayachelys silvatica,II
,CLASS MAMMALIA (MAMMALS),DERMOCHELYIDAE,Mauremys reevesii (China),III
,CLASS MAMMALIA (MAMMALS),DERMOCHELYIDAE,Mauremys sinensis (China),III
,CLASS MAMMALIA (MAMMALS),KINOSTERNIDAE,Kinosternon cora,I
,CLASS MAMMALIA (MAMMALS),KINOSTERNIDAE,Kinosternon vogti,I
,CLASS MAMMALIA (MAMMALS),KINOSTERNIDAE,Kinosternon spp. (Except the species included in Appendix I),II
,CLASS MAMMALIA (MAMMALS),KINOSTERNIDAE,Staurotypus salvinii,II
,CLASS MAMMALIA (MAMMALS),KINOSTERNIDAE,Staurotypus triporcatus,II
,CLASS MAMMALIA (MAMMALS),KINOSTERNIDAE,Sternotherus spp.,II
,CLASS MAMMALIA (MAMMALS),PLATYSTERNIDAE,PLATYSTERNIDAE spp.,I
,CLASS MAMMALIA (MAMMALS),PLATYSTERNIDAE,Erymnochelys madagascariensis,II
,CLASS MAMMALIA (MAMMALS),PLATYSTERNIDAE,Peltocephalus dumerilianus,II
,CLASS MAMMALIA (MAMMALS),PLATYSTERNIDAE,Podocnemis spp.,II
,CLASS MAMMALIA (MAMMALS),TESTUDINIDAE,Astrochelys radiata,I
,CLASS MAMMALIA (MAMMALS),TESTUDINIDAE,Astrochelys yniphora,I
,CLASS MAMMALIA (MAMMALS),TESTUDINIDAE,Chelonoidis niger,I
,CLASS MAMMALIA (MAMMALS),TESTUDINIDAE,Geochelone elegans,I
,CLASS MAMMALIA (MAMMALS),TESTUDINIDAE,Geochelone platynota,I
,CLASS MAMMALIA (MAMMALS),TESTUDINIDAE,Gopherus flavomarginatus,I
,CLASS MAMMALIA (MAMMALS),TESTUDINIDAE,Malacochersus tornieri,I
,CLASS MAMMALIA (MAMMALS),TESTUDINIDAE,Psammobates geometricus,I
,CLASS MAMMALIA (MAMMALS),TESTUDINIDAE,Pyxis arachnoides,I
,CLASS MAMMALIA (MAMMALS),TESTUDINIDAE,Pyxis planicauda,I
,CLASS MAMMALIA (MAMMALS),TESTUDINIDAE,Testudo kleinmanni,I
,CLASS MAMMALIA (MAMMALS),TESTUDINIDAE,TESTUDINIDAE spp. A23 (Except the species included in Appendix I),II
,CLASS MAMMALIA (MAMMALS),TRIONYCHIDAE,Apalone spinifera atra,I
,CLASS MAMMALIA (MAMMALS),TRIONYCHIDAE,Chitra chitra,I
,CLASS MAMMALIA (MAMMALS),TRIONYCHIDAE,Chitra vandijki,I
,CLASS MAMMALIA (MAMMALS),TRIONYCHIDAE,Nilssonia gangetica,I
,CLASS MAMMALIA (MAMMALS),TRIONYCHIDAE,Nilssonia hurum,I
,CLASS MAMMALIA (MAMMALS),TRIONYCHIDAE,Nilssonia leithii,I
,CLASS MAMMALIA (MAMMALS),TRIONYCHIDAE,Nilssonia nigricans,I
,CLASS MAMMALIA (MAMMALS),TRIONYCHIDAE,Chitra spp. (Except the species included in Appendix I),II
,CLASS MAMMALIA (MAMMALS),TRIONYCHIDAE,Cyclanorbis elegans,II
,CLASS MAMMALIA (MAMMALS),TRIONYCHIDAE,Cyclanorbis senegalensis,II
,CLASS MAMMALIA (MAMMALS),TRIONYCHIDAE,Cycloderma aubryi,II
,CLASS MAMMALIA (MAMMALS),TRIONYCHIDAE,Cycloderma frenatum,II
,CLASS MAMMALIA (MAMMALS),TRIONYCHIDAE,Dogania subplana,II
,CLASS MAMMALIA (MAMMALS),TRIONYCHIDAE,Lissemys ceylonensis,II
,CLASS MAMMALIA (MAMMALS),TRIONYCHIDAE,Lissemys punctata,II
,CLASS MAMMALIA (MAMMALS),TRIONYCHIDAE,Lissemys scutata,II
,CLASS MAMMALIA (MAMMALS),TRIONYCHIDAE,Nilssonia formosa,II
,CLASS MAMMALIA (MAMMALS),TRIONYCHIDAE,Palea steindachneri,II
,CLASS MAMMALIA (MAMMALS),TRIONYCHIDAE,Pelochelys spp.,II
,CLASS MAMMALIA (MAMMALS),TRIONYCHIDAE,Pelodiscus axenaria,II
,CLASS MAMMALIA (MAMMALS),TRIONYCHIDAE,Pelodiscus maackii,II
,CLASS MAMMALIA (MAMMALS),TRIONYCHIDAE,Pelodiscus parviformis,II
,CLASS MAMMALIA (MAMMALS),TRIONYCHIDAE,Rafetus euphraticus,II
,CLASS MAMMALIA (MAMMALS),TRIONYCHIDAE,Rafetus swinhoei,II
,CLASS MAMMALIA (MAMMALS),TRIONYCHIDAE,Trionyx triunguis,II
,CLASS MAMMALIA (MAMMALS),AROMOBATIDAE,Allobates femoralis,II
,CLASS MAMMALIA (MAMMALS),AROMOBATIDAE,Allobates hodli,II
,CLASS MAMMALIA (MAMMALS),AROMOBATIDAE,Allobates myersi,II
,CLASS MAMMALIA (MAMMALS),AROMOBATIDAE,Allobates zaparo,II
,CLASS MAMMALIA (MAMMALS),AROMOBATIDAE,Anomaloglossus rufulus,II
,CLASS MAMMALIA (MAMMALS),BUFONIDAE,Altiphrynoides spp.,I
,CLASS MAMMALIA (MAMMALS),BUFONIDAE,Atelopus zeteki,I
,CLASS MAMMALIA (MAMMALS),BUFONIDAE,Incilius periglenes,I
,CLASS MAMMALIA (MAMMALS),BUFONIDAE,Nectophrynoides spp.,I
,CLASS MAMMALIA (MAMMALS),BUFONIDAE,Nimbaphrynoides spp.,I
,CLASS MAMMALIA (MAMMALS),BUFONIDAE,Sclerophrys channingi,I
,CLASS MAMMALIA (MAMMALS),BUFONIDAE,Sclerophrys superciliaris,I
,CLASS MAMMALIA (MAMMALS),CALYPTOCEPHALELLIDAE,Calyptocephalella gayi (Chile),III
,CLASS MAMMALIA (MAMMALS),CENTROLENIDAE,CENTROLENIDAE spp.,II
,CLASS MAMMALIA (MAMMALS),DENDROBATIDAE,Adelphobates spp.,II
,CLASS MAMMALIA (MAMMALS),DENDROBATIDAE,Ameerega spp.,II
,CLASS MAMMALIA (MAMMALS),DENDROBATIDAE,Andinobates spp.,II
,CLASS MAMMALIA (MAMMALS),DENDROBATIDAE,Dendrobates spp.,II
,CLASS MAMMALIA (MAMMALS),DENDROBATIDAE,Epipedobates spp.,II
,CLASS MAMMALIA (MAMMALS),DENDROBATIDAE,Excidobates spp.,II
,CLASS MAMMALIA (MAMMALS),DENDROBATIDAE,Hyloxalus azureiventris,II
,CLASS MAMMALIA (MAMMALS),DENDROBATIDAE,Minyobates spp.,II
,CLASS MAMMALIA (MAMMALS),DENDROBATIDAE,Oophaga spp.,II
,CLASS MAMMALIA (MAMMALS),DENDROBATIDAE,Paruwrobates andinus,II
,CLASS MAMMALIA (MAMMALS),DENDROBATIDAE,Paruwrobates erythromos,II
,CLASS MAMMALIA (MAMMALS),DENDROBATIDAE,Phyllobates spp.,II
,CLASS MAMMALIA (MAMMALS),DENDROBATIDAE,Ranitomeya spp.,II
,CLASS MAMMALIA (MAMMALS),DICROGLOSSIDAE,Euphlyctis hexadactylus,II
,CLASS MAMMALIA (MAMMALS),DICROGLOSSIDAE,Hoplobatrachus tigerinus,II
,CLASS MAMMALIA (MAMMALS),HYLIDAE,Agalychnis spp.A24 {Includes,II
,CLASS MAMMALIA (MAMMALS),HYLIDAE,"Agalychnis annae, A. callidryas, A. lemur, A. moreletii, A. saltator, A. spurrelli and A. terranova}",II
,CLASS MAMMALIA (MAMMALS),MANTELLIDAE,Mantella spp.,II
,CLASS MAMMALIA (MAMMALS),MICROHYLIDAE,Dyscophus antongilii,II
,CLASS MAMMALIA (MAMMALS),MICROHYLIDAE,Dyscophus guineti,II
,CLASS MAMMALIA (MAMMALS),MICROHYLIDAE,Dyscophus insularis,II
,CLASS MAMMALIA (MAMMALS),MICROHYLIDAE,Scaphiophryne boribory,II
,CLASS MAMMALIA (MAMMALS),MICROHYLIDAE,Scaphiophryne gottlebei,II
,CLASS MAMMALIA (MAMMALS),MICROHYLIDAE,Scaphiophryne marmorata,II
,CLASS MAMMALIA (MAMMALS),MICROHYLIDAE,Scaphiophryne spinosa,II
,CLASS MAMMALIA (MAMMALS),MICROHYLIDAE,Rheobatrachus spp. (Except,II
,CLASS MAMMALIA (MAMMALS),MICROHYLIDAE,Rheobatrachus silus and,II
,CLASS MAMMALIA (MAMMALS),MICROHYLIDAE,Rheobatrachus vitellinus which are not included in the Appendices),II
,CLASS MAMMALIA (MAMMALS),TELMATOBIIDAE,Telmatobius culeus,I
,CLASS MAMMALIA (MAMMALS),TELMATOBIIDAE,Ambystoma dumerilii,II
,CLASS MAMMALIA (MAMMALS),TELMATOBIIDAE,Ambystoma mexicanum,II
,CLASS MAMMALIA (MAMMALS),TELMATOBIIDAE,Andrias spp.,I
,CLASS MAMMALIA (MAMMALS),TELMATOBIIDAE,Cryptobranchus alleganiensis (United,III
,CLASS MAMMALIA (MAMMALS),TELMATOBIIDAE,States of America),III
,CLASS MAMMALIA (MAMMALS),HYNOBIIDAE,Hynobius amjiensis (China),III
,CLASS MAMMALIA (MAMMALS),HYNOBIIDAE,Neurergus kaiseri,I
,CLASS MAMMALIA (MAMMALS),HYNOBIIDAE,Echinotriton chinhaiensis,II
,CLASS MAMMALIA (MAMMALS),HYNOBIIDAE,Echinotriton maxiquadratus,II
,CLASS MAMMALIA (MAMMALS),HYNOBIIDAE,Laotriton laoensisA24,II
,CLASS MAMMALIA (MAMMALS),HYNOBIIDAE,Paramesotriton spp.,II
,CLASS MAMMALIA (MAMMALS),HYNOBIIDAE,Tylototriton spp.,II
,CLASS MAMMALIA (MAMMALS),HYNOBIIDAE,Echinotriton andersoni #18 (Japan),III
,CLASS MAMMALIA (MAMMALS),HYNOBIIDAE,Salamandra algira (Algeria),III
,(SHARKS),CARCHARHINIDAE,CARCHARHINIDAE spp.,II
,(SHARKS),SPHYRNIDAE,SPHYRNIDAE spp.,II
,(SHARKS),ALOPIIDAE,Alopias spp.,II
,(SHARKS),CETORHINIDAE,Cetorhinus maximus,II
,(SHARKS),LAMNIDAE,Isurus oxyrinchus,II
,(SHARKS),LAMNIDAE,Isurus paucus,II
,(SHARKS),LAMNIDAE,Lamna nasus,II
,(SHARKS),MYLIOBATIDAE,Mobula spp.,II
,(SHARKS),MYLIOBATIDAE,Potamotrygon albimaculata,II
,(SHARKS),MYLIOBATIDAE,Potamotrygon henlei,II
,(SHARKS),MYLIOBATIDAE,Potamotrygon jabuti,II
,(SHARKS),MYLIOBATIDAE,Potamotrygon leopoldi,II
,(SHARKS),MYLIOBATIDAE,Potamotrygon marquesi,II
,(SHARKS),MYLIOBATIDAE,Potamotrygon signata,II
,(SHARKS),MYLIOBATIDAE,Potamotrygon wallacei,II
,(SHARKS),MYLIOBATIDAE,Paratrygon aiereba (Colombia),III
,(SHARKS),MYLIOBATIDAE,Potamotrygon spp. (Only the populations of Brazil not included in,III
,(SHARKS),MYLIOBATIDAE,Appendix II) (Brazil),III
,(SHARKS),MYLIOBATIDAE,Potamotrygon constellata (Colombia),III
,(SHARKS),MYLIOBATIDAE,Potamotrygon magdalenae (Colombia),III
,(SHARKS),MYLIOBATIDAE,Potamotrygon motoro (Colombia),III
,(SHARKS),MYLIOBATIDAE,Potamotrygon orbignyi (Colombia),III
,(SHARKS),MYLIOBATIDAE,Potamotrygon schroederi (Colombia),III
,(SHARKS),MYLIOBATIDAE,Potamotrygon scobina (Colombia),III
,(SHARKS),MYLIOBATIDAE,Potamotrygon yepezi (Colombia),III
,(SHARKS),RHINCODONTIDAE,Rhincodon typus,II
,(SHARKS),PRISTIDAE,PRISTIDAE spp.,I
,(SHARKS),GLAUCOSTEGIDAE,Glaucostegus spp.,II
,(SHARKS),RHINIDAE,RHINIDAE spp.,II
,(SHARKS),RHINOBATIDAE,RHINOBATIDAE spp.,II
,(FISHES),RHINOBATIDAE,ACIPENSERIFORMES spp. (Except the species included in Appendix I),II
,(FISHES),ACIPENSERIDAE,Acipenser brevirostrum,I
,(FISHES),ACIPENSERIDAE,Acipenser sturio,I
,(FISHES),ANGUILLIDAE,Anguilla anguilla,II
,(FISHES),CATOSTOMIDAE,Chasmistes cujus,I
,(FISHES),CYPRINIDAE,Probarbus jullieni,I
,(FISHES),CYPRINIDAE,Caecobarbus geertsii,II
,(FISHES),ARAPAIMIDAE,Arapaima gigas,II
,(FISHES),OSTEOGLOSSIDAE,Scleropages formosus,I
,(FISHES),OSTEOGLOSSIDAE,Scleropages inscriptus,I
,(FISHES),LABRIDAE,Cheilinus undulatus,II
,(FISHES),POMACANTHIDAE,Holacanthus clarionensis,II
,(FISHES),POMACANTHIDAE,Holacanthus limbaughi (France),III
,(FISHES),SCIAENIDAE,Totoaba macdonaldi,I
,(FISHES),LORICARIIDAE,Hypancistrus zebra A19,II
,(FISHES),PANGASIIDAE,Pangasianodon gigas,I
,(FISHES),SYNGNATHIDAE,Hippocampus spp.,II
,(LUNGFISHES),SYNGNATHIDAE,Neoceratodus forsteri,II
,(COELACANTHS),LATIMERIIDAE,Latimeria spp.,I
,CUCUMBERS),STICHOPODIDAE,Thelenota spp.,II
,CUCUMBERS),STICHOPODIDAE,Isostichopus fuscus (Ecuador),III
,CUCUMBERS),STICHOPODIDAE,Holothuria fuscogilva,II
,CUCUMBERS),STICHOPODIDAE,Holothuria nobilis,II
,CUCUMBERS),STICHOPODIDAE,Holothuria whitmaei,II
,AND SPIDERS),STICHOPODIDAE,Aphonopelma pallidum,II
,AND SPIDERS),STICHOPODIDAE,Brachypelma spp.,II
,AND SPIDERS),STICHOPODIDAE,Poecilotheria spp.,II
,AND SPIDERS),STICHOPODIDAE,Sericopelma angustum,II
,AND SPIDERS),STICHOPODIDAE,Sericopelma embrithes,II
,AND SPIDERS),STICHOPODIDAE,Tliltocatl spp.,II
,AND SPIDERS),STICHOPODIDAE,Caribena versicolor (European Union),III
,AND SPIDERS),SCORPIONIDAE,Pandinus camerounensis,II
,AND SPIDERS),SCORPIONIDAE,Pandinus dictator,II
,AND SPIDERS),SCORPIONIDAE,Pandinus gambiensis,II
,AND SPIDERS),SCORPIONIDAE,Pandinus imperator,II
,AND SPIDERS),SCORPIONIDAE,Pandinus roeseli,II
,AND SPIDERS),LUCANIDAE,Colophon spp. (South Africa),III
,AND SPIDERS),SCARABAEIDAE,Dynastes satanas,II
,AND SPIDERS),NYMPHALIDAE,Agrias amydon boliviensis,III
,AND SPIDERS),NYMPHALIDAE,(Plurinational State of Bolivia),III
,AND SPIDERS),NYMPHALIDAE,Morpho godartii lachaumei,III
,AND SPIDERS),NYMPHALIDAE,Prepona praeneste buckleyana,III
,AND SPIDERS),NYMPHALIDAE,Achillides chikae chikae,I
,AND SPIDERS),NYMPHALIDAE,Achillides chikae hermeli,I
,AND SPIDERS),NYMPHALIDAE,Ornithoptera alexandrae,I
,AND SPIDERS),NYMPHALIDAE,Papilio homerus,I
,AND SPIDERS),NYMPHALIDAE,Parides burchellanus,I
,AND SPIDERS),NYMPHALIDAE,Atrophaneura jophon,II
,AND SPIDERS),NYMPHALIDAE,Atrophaneura pandiyana,II
,AND SPIDERS),NYMPHALIDAE,Bhutanitis spp.,II
,AND SPIDERS),NYMPHALIDAE,Ornithoptera spp. (Except the species included in Appendix I),II
,AND SPIDERS),NYMPHALIDAE,Papilio hospiton,II
,AND SPIDERS),NYMPHALIDAE,Parnassius apollo,II
,AND SPIDERS),NYMPHALIDAE,Teinopalpus spp.,II
,AND SPIDERS),NYMPHALIDAE,Trogonoptera spp.,II
,AND SPIDERS),NYMPHALIDAE,Troides spp.,II
,AND SPIDERS),NYMPHALIDAE,Papilio phorbanta (European Union),III
,CLASS HIRUDINOIDEA (LEECHES),HIRUDINIDAE,Hirudo medicinalis,II
,CLASS HIRUDINOIDEA (LEECHES),HIRUDINIDAE,Hirudo verbana,II
,MUSSELS),MYTILIDAE,Lithophaga lithophaga,II
,MUSSELS),MYTILIDAE,Pleurobema plenum,I
,MUSSELS),MYTILIDAE,Potamilus capax,I
,MUSSELS),MYTILIDAE,Quadrula intermedia,I
,MUSSELS),MYTILIDAE,Quadrula sparsa,I
,MUSSELS),MYTILIDAE,Toxolasma cylindrella,I
,MUSSELS),MYTILIDAE,Unio nickliniana,I
,MUSSELS),MYTILIDAE,Unio tampicoensis tecomatensis,I
,MUSSELS),MYTILIDAE,Villosa trabalis,I
,MUSSELS),MYTILIDAE,Pleurobema clava,II
,MUSSELS),TRIDACNIDAE,TRIDACNIDAE spp.,II
,"OCTOPUSES, CUTTLEFISH)",NAUTILIDAE,NAUTILIDAE spp.,II
,AND CONCHES),STROMBIDAE,Strombus gigas,II
,AND CONCHES),STROMBIDAE,Achatinella spp.,I
,AND CONCHES),CAMAENIDAE,Papustyla pulcherrima,II
,AND CONCHES),CEPOLIDAE,Polymita spp.,I
,SEA ANEMONES),ANTIPATHARIA,ANTIPATHARIA spp.,II
,SEA ANEMONES),CORALLIIDAE,Corallium elatius (China),III
,SEA ANEMONES),CORALLIIDAE,Corallium japonicum (China),III
,SEA ANEMONES),CORALLIIDAE,Corallium konjoi (China),III
,SEA ANEMONES),CORALLIIDAE,Corallium secundum (China),III
,SEA ANEMONES),HELIOPORIDAE,HELIOPORIDAE spp. A25 {Includes only the species Heliopora coerulea},II
,SEA ANEMONES),SCLERACTINIA,SCLERACTINIA spp. A25,II
,SEA ANEMONES),TUBIPORIDAE,TUBIPORIDAE spp.A25,II
,MEDUSAE),MILLEPORIDAE,MILLEPORIDAE spp. A25,II
,MEDUSAE),STYLASTERIDAE,STYLASTERIDAE spp. A25,II
,MEDUSAE),AGAVACEAE,Agave parviflora,I
,MEDUSAE),AGAVACEAE,Agave victoriae-reginae #4,II
,MEDUSAE),AGAVACEAE,Nolina interrata,II
,MEDUSAE),AGAVACEAE,Yucca queretaroensis,II
,MEDUSAE),AIZOACEAE,Conophytum spp. (South Africa),III
,MEDUSAE),AIZOACEAE,Mestoklema tuberosum (South Africa),III
,MEDUSAE),AIZOACEAE,Galanthus spp. #4,II
,MEDUSAE),AIZOACEAE,Sternbergia spp. #4,II
,MEDUSAE),ANACARDIACEAE,Operculicarya decaryi,II
,MEDUSAE),ANACARDIACEAE,Operculicarya hyphaenoides,II
,MEDUSAE),ANACARDIACEAE,Operculicarya pachypus,II
,MEDUSAE),ANACARDIACEAE,Pachypodium ambongense,I
,MEDUSAE),ANACARDIACEAE,Pachypodium baronii,I
,MEDUSAE),ANACARDIACEAE,Pachypodium decaryi,I
,MEDUSAE),ANACARDIACEAE,Pachypodium windsorii,I
,MEDUSAE),ANACARDIACEAE,Pachypodium spp. #4 (Except the species included in Appendix I),II
,MEDUSAE),ANACARDIACEAE,Rauvolfia serpentina #2,II
,MEDUSAE),ANACARDIACEAE,Raphionacme zeyheri (South Africa),III
,MEDUSAE),ARALIACEAE,Panax ginseng #3 (Only the population of the Russian Federation; no other population is included in the,II
,MEDUSAE),ARALIACEAE,Appendices),II
,MEDUSAE),ARALIACEAE,Panax quinquefolius #3,II
,MEDUSAE),ARAUCARIACEAE,Araucaria araucana,I
,MEDUSAE),ASPARAGACEAE,Beaucarnea spp.,II
,MEDUSAE),BERBERIDACEAE,Podophyllum hexandrum #2,II
,MEDUSAE),BIGNONIACEAE,Roseodendron spp.#17,II
,MEDUSAE),BIGNONIACEAE,Tabebuia spp.#17,II
,MEDUSAE),BROMELIACEAE,Tillandsia harrisii #4,II
,MEDUSAE),BROMELIACEAE,Tillandsia kammii #4,II
,MEDUSAE),BROMELIACEAE,Tillandsia xerographica #4,II
,MEDUSAE),CACTACEAE,Sclerocactus sileri,I
,MEDUSAE),CACTACEAE,Sclerocactus wetlandicus,I
,MEDUSAE),CACTACEAE,Sclerocactus wrightiae,I
,MEDUSAE),CACTACEAE,Strombocactus spp.,I
,MEDUSAE),CACTACEAE,Turbinicarpus spp.,I
,MEDUSAE),CACTACEAE,Uebelmannia spp.,I
,MEDUSAE),CARYOCARACEAE,Caryocar costaricense #4,II
,MEDUSAE),COMPOSITAE,Saussurea costus,I
,MEDUSAE),COMPOSITAE,Crassothonna clavifolia (South,III
,MEDUSAE),COMPOSITAE,Africa),III
,MEDUSAE),COMPOSITAE,Othonna armiana (South Africa),III
,MEDUSAE),COMPOSITAE,Othonna cacalioides (South Africa),III
,MEDUSAE),COMPOSITAE,Othonna euphorbioides (South,III
,MEDUSAE),COMPOSITAE,Othonna retrorsa (South Africa),III
,MEDUSAE),CRASSULACEAE,Zygosicyos pubescens,II
,MEDUSAE),CRASSULACEAE,Zygosicyos tripartitus,II
,MEDUSAE),CUPRESSACEAE,Fitzroya cupressoides,I
,MEDUSAE),CUPRESSACEAE,Pilgerodendron uviferum,I
,MEDUSAE),CUPRESSACEAE,Widdringtonia whytei,II
,MEDUSAE),CYATHEACEAE,Cyathea spp. #4,II
,MEDUSAE),CYCADACEAE,Cycas beddomei,I
,MEDUSAE),CYCADACEAE,CYCADACEAE spp. #4 (Except the species included in Appendix I),II
,MEDUSAE),DICKSONIACEAE,Cibotium barometz #4,II
,MEDUSAE),DICKSONIACEAE,Dicksonia spp. #4 (Only the populations of the Americas; no other population is included in the Appendices),II
,MEDUSAE),DIDIEREACEAE,DIDIEREACEAE spp. #4,II
,MEDUSAE),DIOSCOREACEAE,Dioscorea deltoidea #4,II
,MEDUSAE),DROSERACEAE,Dionaea muscipula #4,II
,MEDUSAE),EBENACEAE,Diospyros spp. #5 (Only the populations of Madagascar; no other population is included in the Appendices),II
,MEDUSAE),EUPHORBIACEAE,Euphorbia quartziticola,I
,MEDUSAE),EUPHORBIACEAE,Euphorbia tulearensis,I
,MEDUSAE),FAGACEAE,Quercus mongolica #5 (Russian,III
,MEDUSAE),FAGACEAE,Federation),III
,MEDUSAE),FOUQUIERIACEAE,Fouquieria fasciculata,I
,MEDUSAE),FOUQUIERIACEAE,Fouquieria purpusii,I
,MEDUSAE),FOUQUIERIACEAE,Fouquieria columnaris #4,II
,MEDUSAE),GERANIACEAE,Monsonia herrei (South Africa),III
,MEDUSAE),GERANIACEAE,Monsonia multifida (South Africa),III
,MEDUSAE),GERANIACEAE,Monsonia patersonii (South Africa),III
,MEDUSAE),GERANIACEAE,Pelargonium crassicaule (South,III
,MEDUSAE),GERANIACEAE,Africa),III
,MEDUSAE),GERANIACEAE,Pelargonium triste (South Africa),III
,MEDUSAE),GNETACEAE,Gnetum montanum #1 (Nepal),III
,MEDUSAE),JUGLANDACEAE,Oreomunnea pterocarpa #4,II
,MEDUSAE),LAURACEAE,Aniba rosaeodora #12,II
,MEDUSAE),LAURACEAE,Pterocarpus spp.#17 (Except,II
,MEDUSAE),LAURACEAE,Pterocarpus santalinus which is included in Appendix II with annotation #7; only the African populations; no other population is included in the,II
,MEDUSAE),LAURACEAE,Appendices),II
,MEDUSAE),LAURACEAE,Pterocarpus santalinus #7,II
,MEDUSAE),LAURACEAE,Senna meridionalis,II
,MEDUSAE),LILIACEAE,Aloe haworthioides {Includes the var. aurantiaca},I
,MEDUSAE),LILIACEAE,Aloe helenae,I
,MEDUSAE),LILIACEAE,Aloe laeta {Includes the var. maniaensis},I
,MEDUSAE),LILIACEAE,Aloe parallelifolia,I
,MEDUSAE),LILIACEAE,Aloe parvula,I
,MEDUSAE),LILIACEAE,Aloe pillansii,I
,MEDUSAE),LILIACEAE,Aloe polyphylla,I
,MEDUSAE),LILIACEAE,Aloe rauhii,I
,MEDUSAE),LILIACEAE,Aloe suzannae,I
,MEDUSAE),LILIACEAE,Aloe versicolor,I
,MEDUSAE),LILIACEAE,Aloe vossii,I
,MEDUSAE),MAGNOLIACEAE,Magnolia liliifera var. obovata #1,III
,MEDUSAE),MAGNOLIACEAE,(Nepal),III
,MEDUSAE),MALVACEAE,Adansonia grandidieri #16,II
,MEDUSAE),MALVACEAE,Swietenia humilis #4,II
,MEDUSAE),MALVACEAE,Swietenia macrophylla #6 (Only the populations of the Neotropics; no other population is included in the,II
,MEDUSAE),MALVACEAE,Appendices),II
,MEDUSAE),MALVACEAE,Swietenia mahagoni #5,II
,MEDUSAE),MALVACEAE,Nepenthes khasiana,I
,MEDUSAE),MALVACEAE,Nepenthes rajah,I
,MEDUSAE),MALVACEAE,Nepenthes spp. #4 (Except the species included in Appendix I),II
,MEDUSAE),ORCHIDACEAE,Aerangis ellisii P4,I
,MEDUSAE),ORCHIDACEAE,Cattleya jongheana P4,I
,MEDUSAE),ORCHIDACEAE,Cattleya lobata P4,I
,MEDUSAE),ORCHIDACEAE,Dendrobium cruentum P4,I
,MEDUSAE),ORCHIDACEAE,Mexipedium xerophyticum P4,I
,MEDUSAE),ORCHIDACEAE,Paphiopedilum spp. P4,I
,MEDUSAE),ORCHIDACEAE,Peristeria elata P4,I
,MEDUSAE),ORCHIDACEAE,Phragmipedium spp. P4,I
,MEDUSAE),ORCHIDACEAE,Renanthera imschootiana P4,I
,MEDUSAE),ORCHIDACEAE,ORCHIDACEAE spp. P3 #4 (Except the species included in Appendix I),II
,MEDUSAE),OROBANCHACEAE,Cistanche deserticola #4,II
,MEDUSAE),PALMAE,Dypsis decipiens,I
,MEDUSAE),PALMAE,Lemurophoenix halleuxii,II
,MEDUSAE),PALMAE,Marojejya darianii,II
,MEDUSAE),PALMAE,Ravenea louvelii,II
,MEDUSAE),PALMAE,Ravenea rivularis,II
,MEDUSAE),PALMAE,Satranala decussilvae,II
,MEDUSAE),PALMAE,Voanioala gerardii,II
,MEDUSAE),PALMAE,Lodoicea maldivica #13 (Seychelles),III
,MEDUSAE),PAPAVERACEAE,Meconopsis regia #1 (Nepal),III
,MEDUSAE),PASSIFLORACEAE,Adenia firingalavensis,II
,MEDUSAE),PASSIFLORACEAE,Adenia olaboensis,II
,MEDUSAE),PASSIFLORACEAE,Adenia subsessilifolia,II
,MEDUSAE),PASSIFLORACEAE,Adenia spinosa (South Africa),III
,MEDUSAE),PEDALIACEAE,Uncarina grandidieri,II
,MEDUSAE),PEDALIACEAE,Uncarina stellulifera,II
,MEDUSAE),PINACEAE,Abies guatemalensis,I
,MEDUSAE),PINACEAE,Pinus koraiensis #5 (Russian,III
,MEDUSAE),PINACEAE,Federation),III
,MEDUSAE),PODOCARPACEAE,Podocarpus parlatorei,I
,MEDUSAE),PODOCARPACEAE,Podocarpus neriifolius #1 (Nepal),III
,MEDUSAE),PODOCARPACEAE,Anacampseros spp. #4,II
,MEDUSAE),PODOCARPACEAE,Avonia spp. #4,II
,MEDUSAE),PODOCARPACEAE,Lewisia serrata #4,II
,MEDUSAE),PODOCARPACEAE,Portulacaria pygmaea (South Africa),III
,MEDUSAE),PRIMULACEAE,Cyclamen spp. P5 #4,II
,MEDUSAE),PRIMULACEAE,Adonis vernalis #2,II
,MEDUSAE),PRIMULACEAE,Hydrastis canadensis #8,II
,MEDUSAE),ROSACEAE,Prunus africana #4,II
,MEDUSAE),RUBIACEAE,Balmea stormiae,I
,MEDUSAE),SANTALACEAE,"Osyris lanceolata #2 (Only the populations of Burundi, Ethiopia, Kenya,",II
,MEDUSAE),SANTALACEAE,"Rwanda, Uganda and the United",II
,MEDUSAE),SANTALACEAE,Republic of Tanzania; no other population is included in the,II
,MEDUSAE),SANTALACEAE,Appendices),II
,MEDUSAE),SANTALACEAE,Sarracenia oreophila,I
,MEDUSAE),SANTALACEAE,Sarracenia rubra ssp. alabamensis,I
,MEDUSAE),SANTALACEAE,Sarracenia rubra ssp. jonesii,I
,MEDUSAE),SANTALACEAE,Sarracenia spp. #4 (Except the species included in Appendix I),II
,MEDUSAE),SCROPHULARIACEAE,Picrorhiza kurrooa #2 {Excludes,II
,MEDUSAE),SCROPHULARIACEAE,Picrorhiza scrophulariiflora},II
,MEDUSAE),STANGERIACEAE,Stangeria eriopus,I
,MEDUSAE),STANGERIACEAE,Bowenia spp. #4,II
,MEDUSAE),TAXACEAE,Taxus chinensis #2 {Includes infraspecific taxa of this species},II
,MEDUSAE),TAXACEAE,Taxus cuspidata P6 #2 {Includes,II
,MEDUSAE),TAXACEAE,Taxus fuana #2 {Includes infraspecific taxa of this species},II
,MEDUSAE),TAXACEAE,Taxus sumatrana #2 {Includes,II
,MEDUSAE),TAXACEAE,Taxus wallichiana #2,II
,THYMELAEACEAE (AQUILARIACEAE),TAXACEAE,Aquilaria spp. #14,II
,THYMELAEACEAE (AQUILARIACEAE),TAXACEAE,Gonystylus spp. #4,II
,THYMELAEACEAE (AQUILARIACEAE),TAXACEAE,Gyrinops spp. #14,II
,TROCHODENDRACEAE,TAXACEAE,Tetracentron sinense #1 (Nepal),III
,TROCHODENDRACEAE,VALERIANACEAE,Nardostachys grandiflora #2,II
,TROCHODENDRACEAE,VITACEAE,Cyphostemma elephantopus,II
,TROCHODENDRACEAE,VITACEAE,Cyphostemma laza,II
,TROCHODENDRACEAE,VITACEAE,Cyphostemma montagnacii,II
,TROCHODENDRACEAE,WELWITSCHIACEAE,Welwitschia mirabilis #4,II
,TROCHODENDRACEAE,ZAMIACEAE,Ceratozamia spp.,I
,TROCHODENDRACEAE,ZAMIACEAE,Encephalartos spp.,I
,TROCHODENDRACEAE,ZAMIACEAE,Microcycas calocoma,I
,TROCHODENDRACEAE,ZAMIACEAE,Zamia restrepoi,I
,TROCHODENDRACEAE,ZAMIACEAE,ZAMIACEAE spp. #4 (Except the species included in Appendix I),II
,TROCHODENDRACEAE,ZAMIACEAE,Hedychium philippinense #4,II
,TROCHODENDRACEAE,ZAMIACEAE,"Siphonochilus aethiopicus (Only the populations of Eswatini, Mozambique,",II
,TROCHODENDRACEAE,ZAMIACEAE,South Africa and Zimbabwe; no other population is included in the,II
,TROCHODENDRACEAE,ZAMIACEAE,Appendices),II
,TROCHODENDRACEAE,ZYGOPHYLLACEAE,Bulnesia sarmientoi #11,II
,TROCHODENDRACEAE,ZYGOPHYLLACEAE,Guaiacum spp. #2,II
